season,consistency
1,0.49958333333333327
2,0.8608928571428571
3,1.0
4,1.0
5,1.0
6,1.0
7,1.0
8,1.0
9,1.0
10,1.0
11,1.0
12,1.0
13,1.0
14,1.0
15,1.0
16,1.0
17,1.0
18,1.0
19,1.0
20,1.0
21,1.0
22,1.0
23,1.0
24,1.0
25,1.0
26,1.0
27,1.0
28,0.8176785714285714
29,0.8999999999999999
30,0.83703125
31,0.9288888888888889
32,0.7648611111111111
33,0.7566666666666667
34,0.7467187500000001
