season,consistency
1,0.5153333333333333
2,0.8702857142857143
3,1.0
4,1.0
5,1.0
6,1.0
7,1.0
8,1.0
9,1.0
10,1.0
11,1.0
12,1.0
13,1.0
14,1.0
15,1.0
16,1.0
17,1.0
18,1.0
19,1.0
20,1.0
21,1.0
22,1.0
23,1.0
24,1.0
25,1.0
26,1.0
27,1.0
28,0.8017142857142857
29,0.9167777777777779
30,0.82075
31,0.9323333333333333
32,0.7737777777777777
33,0.8033333333333333
34,0.731625
