season,week,celebrity_name,judge_share,vote_share_mean,vote_share_std,certainty,eliminated_this_week
1,1,John O'Hurley,0.1834862385321101,0.16822124179368772,0.06558251574608844,0.5966605130482731,False
1,1,Kelly Monaco,0.11926605504587157,0.1644338474179836,0.06379601737396445,0.5750486135262678,False
1,1,Evander Holyfield,0.1651376146788991,0.15940524896498418,0.05963301368072461,0.5718607394831136,False
1,1,Rachel Hunter,0.1834862385321101,0.17211458993548395,0.06366976916770796,0.5998451156289897,False
1,1,Joey McIntyre,0.1834862385321101,0.16877390496350891,0.05816063162361603,0.6033189425694869,False
1,1,Trista Sutter,0.1651376146788991,0.16705116692435212,0.06508333206632393,0.5792375001156699,False
1,2,John O'Hurley,0.21487603305785125,0.17134921861797478,0.06326800789478516,0.611432684633948,False
1,2,Kelly Monaco,0.14049586776859505,0.1818773556965357,0.05541779562500238,0.6358023839084593,False
1,2,Evander Holyfield,0.11570247933884298,0.20901741014295902,0.06037318116905012,0.5692236526715425,False
1,2,Rachel Hunter,0.19834710743801653,0.16307113053563987,0.06052952639892067,0.5726171531731933,False
1,2,Joey McIntyre,0.17355371900826447,0.16702229627547877,0.05975401621554223,0.586712177213006,False
1,2,Trista Sutter,0.15702479338842976,0.10766258873141238,0.02641848163936697,0.8610762668341853,True
1,3,John O'Hurley,0.22641509433962265,0.21468973828776208,0.07410652643636033,0.5325479678189909,False
1,3,Kelly Monaco,0.19811320754716982,0.22215535419045201,0.07137277724871992,0.5294231733336279,False
1,3,Evander Holyfield,0.12264150943396226,0.15911336307984325,0.04294082971248464,0.6100777508739497,True
1,3,Rachel Hunter,0.24528301886792453,0.1969228479105452,0.07502179911598539,0.5775521581637323,False
1,3,Joey McIntyre,0.20754716981132076,0.20711869653139758,0.07083537560993337,0.5723034490198949,False
1,4,John O'Hurley,0.22826086956521738,0.2529362949968954,0.0634935680722646,0.5729895364799925,False
1,4,Kelly Monaco,0.2826086956521739,0.2544106049257482,0.08848026809956841,0.47503283241279903,False
1,4,Rachel Hunter,0.2717391304347826,0.1676943188557726,0.04063872301228834,0.740064028099559,True
1,4,Joey McIntyre,0.21739130434782608,0.32495878122158384,0.06994955627920645,0.5928797809223867,False
1,5,John O'Hurley,0.3698630136986301,0.33509243020332674,0.11150833566105452,0.32626502008043334,False
1,5,Kelly Monaco,0.3219178082191781,0.34294946522605657,0.10764729203686754,0.42030733192112213,False
1,5,Joey McIntyre,0.3082191780821918,0.32195810457061685,0.10204168101528206,0.3718501964096108,False
1,6,John O'Hurley,0.4954128440366973,0.5056740727159367,0.13270237498869336,0.30771119819114046,False
1,6,Kelly Monaco,0.5045871559633027,0.49432592728406316,0.1327023749886934,0.30771119819114046,False
2,1,Tatum O'Neal,0.11794871794871795,0.10155173495153419,0.0414391988496866,0.7237328307133764,False
2,1,Tia Carrere,0.10256410256410256,0.10430572261643499,0.044058373924905296,0.7427992370078967,False
2,1,George Hamilton,0.09230769230769231,0.10310997980581008,0.03698423201798286,0.7626065387841984,False
2,1,Lisa Rinna,0.09743589743589744,0.10610506113681532,0.037458521699639875,0.7202613513997407,False
2,1,Stacy Keibler,0.11282051282051282,0.10358963796583122,0.04158048235401958,0.7075050582954296,False
2,1,Jerry Rice,0.1076923076923077,0.10118706098170181,0.03829181824958204,0.7463363004616529,False
2,1,Giselle Fernandez,0.11794871794871795,0.09980921170293174,0.03829601478063003,0.7064913131556428,False
2,1,Master P,0.06153846153846154,0.1142959581345457,0.03722687269598486,0.7171885804366067,False
2,1,Drew Lachey,0.12307692307692308,0.10085170241584879,0.04124941015479055,0.6696780019572285,False
2,1,Kenny Mayne,0.06666666666666667,0.06519393028854636,0.01756008966238689,0.9028759422604011,True
2,2,Tatum O'Neal,0.085,0.07351430825828364,0.019473001685312165,0.883488874755954,True
2,2,Tia Carrere,0.11,0.11420184915089196,0.046106892899039256,0.7299156082622562,False
2,2,George Hamilton,0.11,0.11495402711553059,0.04049806712341692,0.7384570302232689,False
2,2,Lisa Rinna,0.1,0.1214099287136996,0.04102457219122905,0.6808359272700368,False
2,2,Stacy Keibler,0.145,0.10584100787010142,0.04287045212897264,0.7236934827929586,False
2,2,Jerry Rice,0.115,0.11428575510225499,0.04561674212479913,0.6780225837093379,False
2,2,Giselle Fernandez,0.12,0.11281703978804593,0.04433638487180607,0.6998666694171853,False
2,2,Master P,0.08,0.13164427055756403,0.04207386043819581,0.7167187030142887,False
2,2,Drew Lachey,0.135,0.1113318134436275,0.04584605670177866,0.7045808952784196,False
2,3,Tia Carrere,0.14285714285714285,0.13000487719310053,0.054463370194252965,0.6709206865394761,False
2,3,George Hamilton,0.12087912087912088,0.13210147201606826,0.051769396345449505,0.6969860092109622,False
2,3,Lisa Rinna,0.13736263736263737,0.12211998185705814,0.04866627566212905,0.6479944898019006,False
2,3,Stacy Keibler,0.14835164835164835,0.1314715393242807,0.05502955797784173,0.6809720611093473,False
2,3,Jerry Rice,0.1043956043956044,0.1395716782235388,0.0455406446575883,0.6810989411467303,False
2,3,Giselle Fernandez,0.12087912087912088,0.0776582570069962,0.01923302534698138,0.885677243112186,True
2,3,Master P,0.07692307692307693,0.15000733700721403,0.04499864330097483,0.7140320262419545,False
2,3,Drew Lachey,0.14835164835164835,0.11706485737174394,0.044850273624426874,0.7084847994950236,False
2,4,Tia Carrere,0.15822784810126583,0.15148739202039868,0.0619769469056599,0.658803126128821,False
2,4,George Hamilton,0.13291139240506328,0.16254458098893473,0.05197600491489418,0.6764804386574614,False
2,4,Lisa Rinna,0.16455696202531644,0.14393837313024252,0.06076077893664121,0.6349969794772224,False
2,4,Stacy Keibler,0.16455696202531644,0.141876637138993,0.05423199519422006,0.6775708615820001,False
2,4,Jerry Rice,0.1518987341772152,0.14902367159090546,0.055061594941516016,0.6358374816197041,False
2,4,Master P,0.05063291139240506,0.1064700139094294,0.028227934926195648,0.8115979152288431,True
2,4,Drew Lachey,0.17721518987341772,0.14465933122109614,0.05837614759131042,0.6851656606436352,False
2,5,Tia Carrere,0.1456953642384106,0.1293704268216885,0.03952781684654884,0.6155397151980446,True
2,5,George Hamilton,0.15894039735099338,0.17508955367303627,0.0607600755839281,0.6144017955544707,False
2,5,Lisa Rinna,0.16556291390728478,0.16432087284355848,0.06151974302859812,0.6521386483597889,False
2,5,Stacy Keibler,0.1986754966887417,0.17299448557473449,0.06479993712725803,0.6244948484632833,False
2,5,Jerry Rice,0.152317880794702,0.184925103668901,0.0658094246068361,0.5261071187274208,False
2,5,Drew Lachey,0.17880794701986755,0.17329955741808106,0.06743633563854722,0.6150751228181177,False
2,6,George Hamilton,0.17293233082706766,0.1465474772647099,0.039950117103983204,0.7071930917201569,True
2,6,Lisa Rinna,0.20300751879699247,0.2164893547167525,0.06881411782208242,0.5530889490892186,False
2,6,Stacy Keibler,0.22556390977443608,0.20221114281569158,0.07603494925688783,0.5512600618306343,False
2,6,Jerry Rice,0.17293233082706766,0.2424441737723688,0.06753921529540254,0.41804818599508464,False
2,6,Drew Lachey,0.22556390977443608,0.19230785143047716,0.071989745980525,0.5095579357775142,False
2,7,Lisa Rinna,0.25980392156862747,0.18641256224380084,0.04843351589848586,0.6725310240144895,True
2,7,Stacy Keibler,0.2696078431372549,0.26444716860459355,0.08813123478750089,0.49541086433737136,False
2,7,Jerry Rice,0.20098039215686275,0.2992725836717804,0.079170515112543,0.5054703809308942,False
2,7,Drew Lachey,0.2696078431372549,0.24986768547982463,0.09125823724577561,0.4545597221491855,False
2,8,Stacy Keibler,0.33992071896021603,0.3280003249358955,0.10857685216047062,0.32309837243008466,False
2,8,Jerry Rice,0.31620636785880724,0.3404688087386057,0.10396004596240138,0.41691619272044367,False
2,8,Drew Lachey,0.34387291318097685,0.331530866325499,0.10904566484777892,0.37851880998225673,False
3,1,Harry Hamlin,0.08018867924528301,0.09248798463158986,0.03562993148309855,0.7418815381023826,False
3,1,Vivica A. Fox,0.10377358490566038,0.09449495530865255,0.038089280536527374,0.7762461737633649,False
3,1,Monique Coleman,0.08962264150943396,0.09655827435487789,0.03542515854916417,0.7784402486858575,False
3,1,Joey Lawrence,0.09905660377358491,0.08774881012764445,0.03362847602057113,0.7649144550409098,False
3,1,Mario Lopez,0.12264150943396226,0.09023879029990327,0.03317663825086443,0.7388277046635394,False
3,1,Emmitt Smith,0.11320754716981132,0.09832239076259293,0.042484916500749426,0.6713146098279454,False
3,1,Shanna Moakler,0.08490566037735849,0.09663958179498613,0.03802805321939949,0.7545620658067922,False
3,1,Willa Ford,0.10377358490566038,0.08875282142905916,0.036164786557396564,0.7389977815318678,False
3,1,Sara Evans,0.07075471698113207,0.09940001401936388,0.03699077535369372,0.7434851790957832,False
3,1,Jerry Springer,0.07547169811320754,0.09584865097290238,0.03526109979477271,0.7525056429439242,False
3,1,Tucker Carlson,0.05660377358490566,0.05950772629842775,0.015053456646985246,0.9205206505811748,True
3,2,Harry Hamlin,0.09130434782608696,0.11144113709899016,0.041460750190126384,0.6832890427429448,False
3,2,Vivica A. Fox,0.10434782608695652,0.10267636939572203,0.03986491760430684,0.751465992748729,False
3,2,Monique Coleman,0.11304347826086956,0.10254583927087907,0.03949035155014802,0.6598722102767149,False
3,2,Joey Lawrence,0.12608695652173912,0.09904289321369004,0.041823990136776,0.7183426193418825,False
3,2,Mario Lopez,0.09130434782608696,0.10678265579686315,0.03546643048448962,0.7792740805153332,False
3,2,Emmitt Smith,0.10434782608695652,0.09937641299407615,0.03795056297156577,0.6944028785066093,False
3,2,Shanna Moakler,0.09565217391304348,0.052846263665944915,0.011825348720695622,0.9325084792333308,True
3,2,Willa Ford,0.1,0.10486332543323604,0.036336429406999285,0.7602510741116966,False
3,2,Sara Evans,0.09130434782608696,0.10326038905484428,0.0355073440731968,0.7431630859488609,False
3,2,Jerry Springer,0.08260869565217391,0.11716471407575442,0.039199731189132114,0.7682184069547742,False
3,3,Harry Hamlin,0.10628019323671498,0.06001426595345247,0.012959338286047912,0.9302223533077953,True
3,3,Vivica A. Fox,0.13043478260869565,0.11328439833295177,0.0438188470579076,0.7520036428532759,False
3,3,Monique Coleman,0.13043478260869565,0.11462625401674421,0.04280694520874866,0.73752278700143,False
3,3,Joey Lawrence,0.10628019323671498,0.11647093557658326,0.04024752194030428,0.698741490923878,False
3,3,Mario Lopez,0.10628019323671498,0.11938141298922966,0.03933861211228614,0.7523545042857873,False
3,3,Emmitt Smith,0.09178743961352658,0.12894753458743005,0.04129952888802687,0.6309663040487753,False
3,3,Willa Ford,0.10628019323671498,0.11567624506656209,0.04056573514848398,0.6958795079786373,False
3,3,Sara Evans,0.12077294685990338,0.1140731537229663,0.03869908155881058,0.7295493993862745,False
3,3,Jerry Springer,0.10144927536231885,0.11752579975407995,0.042852018906549424,0.6870467332130117,False
3,4,Vivica A. Fox,0.12121212121212122,0.06754589927909926,0.014310138315699055,0.9174508603378378,True
3,4,Monique Coleman,0.12121212121212122,0.13126509152536883,0.0450216034423863,0.7246451333758677,False
3,4,Joey Lawrence,0.13636363636363635,0.13216141655556085,0.04906270294124704,0.7233398974020595,False
3,4,Mario Lopez,0.14646464646464646,0.12350155513730554,0.04713038558902727,0.7257049192849094,False
3,4,Emmitt Smith,0.12121212121212122,0.13417109957079237,0.04574657721653444,0.7306675839870678,False
3,4,Willa Ford,0.1414141414141414,0.13632941890836542,0.05350999993012462,0.6599840921644153,False
3,4,Sara Evans,0.10101010101010101,0.13963221844779466,0.038037276490237866,0.7464513440014561,False
3,4,Jerry Springer,0.1111111111111111,0.1353933005757133,0.04540444316880057,0.7058723986972811,False
3,5,Monique Coleman,0.14917127071823205,0.15238381868162637,0.05242006431980106,0.6918000665877667,False
3,5,Joey Lawrence,0.13812154696132597,0.15415565224369232,0.04929691588639265,0.7019374902813955,False
3,5,Mario Lopez,0.14917127071823205,0.15519938220615662,0.054736994081729065,0.6958616697043019,False
3,5,Emmitt Smith,0.14917127071823205,0.1526766208076151,0.05137092535130519,0.7075670596371455,False
3,5,Willa Ford,0.14917127071823205,0.07447857847857332,0.01585797957547867,0.9087372963448714,True
3,5,Sara Evans,0.13259668508287292,0.1520602270336369,0.045981459053455576,0.6820268941380907,False
3,5,Jerry Springer,0.13259668508287292,0.15904572054869934,0.04582995234425704,0.5941987249431115,False
3,6,Monique Coleman,0.19491525423728814,0.19693752024524872,0.07109738559075275,0.5703961431928837,False
3,6,Joey Lawrence,0.2033898305084746,0.19664235069079267,0.07462807771006973,0.5068221290694641,False
3,6,Mario Lopez,0.23728813559322035,0.20306869928252275,0.08119453586530323,0.4354971165884445,False
3,6,Emmitt Smith,0.211864406779661,0.20090386236447966,0.07462040163480758,0.4824242305570762,False
3,6,Jerry Springer,0.15254237288135594,0.20244756741695646,0.07641755727453234,0.5300577430772603,False
3,7,Monique Coleman,0.2,0.21600190538117323,0.07083832983116624,0.6009845761050732,False
3,7,Joey Lawrence,0.2111111111111111,0.22250585975529696,0.07088792210996947,0.6279698802373019,False
3,7,Mario Lopez,0.2074074074074074,0.21471497681055984,0.07283160376252978,0.4558122123016869,False
3,7,Emmitt Smith,0.2111111111111111,0.21295862436548885,0.06848250679567656,0.5385527563947256,False
3,7,Jerry Springer,0.17037037037037037,0.1338186336874811,0.030623384722867585,0.8274337421177638,True
3,8,Monique Coleman,0.24311926605504589,0.15885080519099024,0.03718584239956663,0.8151179869137799,True
3,8,Joey Lawrence,0.24770642201834864,0.28597755437283195,0.08385622860168222,0.45168222627297583,False
3,8,Mario Lopez,0.26146788990825687,0.2761803865756051,0.07913629391533142,0.4841342526739567,False
3,8,Emmitt Smith,0.24770642201834864,0.2789912538605723,0.0794964726161743,0.48733941623399624,False
3,9,Joey Lawrence,0.3333333333333333,0.32176997098659715,0.1140013713357049,0.3208049061994973,False
3,9,Mario Lopez,0.3333333333333333,0.3475943965101989,0.10969779930850672,0.340693687856656,False
3,9,Emmitt Smith,0.3333333333333333,0.3306356325032042,0.11145305013320793,0.39179951965498017,False
3,10,Mario Lopez,0.5,0.5009760536095161,0.13397852568405758,0.2545192252686699,False
3,10,Emmitt Smith,0.5,0.49902394639048375,0.1339785256840576,0.25451922526866977,False
4,1,John Ratzenberger,0.0825242718446602,0.09215862223115813,0.035994366477640045,0.7640478834785692,False
4,1,Ian Ziering,0.10194174757281553,0.09070332901958053,0.03755027380110587,0.7571342781715176,False
4,1,Clyde Drexler,0.07766990291262135,0.09207875959861661,0.039707822144686815,0.7310333443824036,False
4,1,Laila Ali,0.11165048543689321,0.09019709275284392,0.03689688715043997,0.745880532646203,False
4,1,Apolo Anton Ohno,0.10194174757281553,0.0917837682945975,0.03512748740375092,0.739118860791089,False
4,1,Shandi Finnessey,0.09223300970873786,0.08993043200236858,0.03891578537979575,0.754742080115126,False
4,1,Paulina Porizkova,0.09223300970873786,0.09295261359649491,0.03749519650563587,0.7533575853167518,False
4,1,Heather Mills,0.08737864077669903,0.09061462409128876,0.035859015364410246,0.7589959976656345,False
4,1,Billy Ray Cyrus,0.06310679611650485,0.09213274317697603,0.03916802157198472,0.7374851165885303,False
4,1,Joey Fatone,0.11650485436893204,0.08517603163454322,0.03415469882262511,0.7944867650355774,False
4,1,Leeza Gibbons,0.07281553398058252,0.09227198360153187,0.03835736760354721,0.7236795977504032,False
4,2,John Ratzenberger,0.08571428571428572,0.0937087141253044,0.03542895922822181,0.8007563268819934,False
4,2,Ian Ziering,0.08979591836734693,0.09286691328496591,0.03348351821609165,0.8094173306502552,False
4,2,Clyde Drexler,0.07346938775510205,0.10449912762503151,0.03771161387971845,0.7041600091290977,False
4,2,Laila Ali,0.11020408163265306,0.09444683204307688,0.03829167592481697,0.7922403378775306,False
4,2,Apolo Anton Ohno,0.10612244897959183,0.09180574611299923,0.036358667333549345,0.7563537536530253,False
4,2,Shandi Finnessey,0.08163265306122448,0.1002276040318894,0.03566495886401845,0.7625953602638482,False
4,2,Paulina Porizkova,0.08571428571428572,0.04614163711245503,0.010720872144501091,0.9378848979794848,True
4,2,Heather Mills,0.09795918367346938,0.08854533076168285,0.034492450524303,0.8116117045479322,False
4,2,Billy Ray Cyrus,0.08571428571428572,0.09909987168513783,0.034826219827466705,0.7693842264614268,False
4,2,Joey Fatone,0.09795918367346938,0.09513954660249492,0.035241748304167195,0.7762165067464762,False
4,2,Leeza Gibbons,0.08571428571428572,0.09351867661496141,0.030819005703800813,0.7764522929327784,False
4,3,John Ratzenberger,0.09174311926605505,0.11376348607329034,0.04314056326918582,0.7011825618631271,False
4,3,Ian Ziering,0.11009174311926606,0.10109355984236314,0.04058541615725522,0.7664476330412471,False
4,3,Clyde Drexler,0.07339449541284404,0.11479067887720461,0.03622882615002971,0.7192857321708003,False
4,3,Laila Ali,0.0963302752293578,0.10712356441967687,0.039098946507048295,0.7803307141230595,False
4,3,Apolo Anton Ohno,0.10550458715596331,0.10701592716562726,0.04162858627018239,0.6943753971870561,False
4,3,Shandi Finnessey,0.0963302752293578,0.05178075193107163,0.011811183239728124,0.9366698182675673,True
4,3,Heather Mills,0.11009174311926606,0.10101075683268079,0.04068278921007734,0.7005843088824334,False
4,3,Billy Ray Cyrus,0.0963302752293578,0.10312107536249158,0.042329753357574565,0.6720791774057007,False
4,3,Joey Fatone,0.11009174311926606,0.09993294090665279,0.035568962800151996,0.7868807598543031,False
4,3,Leeza Gibbons,0.11009174311926606,0.10036725858894058,0.03907129768719222,0.7519147901971489,False
4,4,John Ratzenberger,0.08421052631578947,0.12731610167130508,0.04452471261115464,0.7163079853938803,False
4,4,Ian Ziering,0.12631578947368421,0.10995969880162353,0.04195353623883297,0.7151072328071608,False
4,4,Clyde Drexler,0.07894736842105263,0.12044925139328887,0.03611613148283328,0.691534928440503,False
4,4,Laila Ali,0.11052631578947368,0.11544460284956233,0.044985422696085346,0.6629918979403489,False
4,4,Apolo Anton Ohno,0.1368421052631579,0.11374154356885902,0.04769576296747126,0.727219262768636,False
4,4,Heather Mills,0.12105263157894737,0.1213844233631475,0.0452702220444545,0.7248965737923759,False
4,4,Billy Ray Cyrus,0.11052631578947368,0.11368117235467609,0.04373765116703948,0.6854214791461135,False
4,4,Joey Fatone,0.14736842105263157,0.11106470477375019,0.04603885603793806,0.6466456482060252,False
4,4,Leeza Gibbons,0.08421052631578947,0.06695850122378703,0.01666799355933451,0.9065972994275234,True
4,5,John Ratzenberger,0.10227272727272728,0.13351705902984465,0.04637153726099304,0.7288305741477206,False
4,5,Ian Ziering,0.13636363636363635,0.12902571638925223,0.05039391933217198,0.6409476559720865,False
4,5,Clyde Drexler,0.07386363636363637,0.08914870952461866,0.023883478326203675,0.8682844976094055,True
4,5,Laila Ali,0.1590909090909091,0.1263390150462787,0.05082144786216279,0.6872015991560596,False
4,5,Apolo Anton Ohno,0.17045454545454544,0.13052857818753008,0.0527701606445793,0.6500678909739892,False
4,5,Heather Mills,0.11931818181818182,0.12656430868996213,0.049243744513760505,0.6799049975995803,False
4,5,Billy Ray Cyrus,0.09659090909090909,0.14042252310711065,0.04822090907056841,0.6384361452216589,False
4,5,Joey Fatone,0.14204545454545456,0.12445409002540249,0.04900578256059654,0.6433720040002778,False
4,6,John Ratzenberger,0.11176470588235295,0.16914104523129248,0.05265722020951446,0.6423328392235432,False
4,6,Ian Ziering,0.1411764705882353,0.14601363910592954,0.04860126663836043,0.6947984291971703,False
4,6,Laila Ali,0.16470588235294117,0.1466823307017951,0.049263304363426186,0.6704463878143145,False
4,6,Apolo Anton Ohno,0.16470588235294117,0.1474260646281749,0.05342589522469307,0.6907598072767456,False
4,6,Heather Mills,0.13529411764705881,0.08110000679346646,0.01822607047381137,0.9007874729428247,True
4,6,Billy Ray Cyrus,0.12352941176470589,0.16324294566653139,0.052858197116175114,0.6493299978912181,False
4,6,Joey Fatone,0.1588235294117647,0.14639396787281028,0.05469265278493645,0.6474244838464044,False
4,7,John Ratzenberger,0.14563106796116504,0.10425439887793476,0.02471422693888592,0.8716181480092794,True
4,7,Ian Ziering,0.17475728155339806,0.17097427694068018,0.06191634513098549,0.5671209973752469,False
4,7,Laila Ali,0.19093851132686085,0.18158906848678427,0.06582448288187183,0.6174941668826028,False
4,7,Apolo Anton Ohno,0.17475728155339806,0.17397067588172851,0.06253667965962294,0.6227708062916654,False
4,7,Billy Ray Cyrus,0.12297734627831715,0.19833146783271996,0.05871154754680669,0.5825472342205618,False
4,7,Joey Fatone,0.19093851132686085,0.17088011198015288,0.05734283194925855,0.648710988933544,False
4,8,Ian Ziering,0.18725099601593626,0.21740914485263024,0.06799362254517693,0.5366870721339134,False
4,8,Laila Ali,0.21115537848605578,0.21793610808662772,0.07889503042123475,0.5051617279595231,False
4,8,Apolo Anton Ohno,0.23107569721115537,0.21025736455089114,0.07333532940457684,0.5497584062242811,False
4,8,Billy Ray Cyrus,0.15139442231075698,0.1448394302318062,0.0348004284521107,0.8223838481349414,True
4,8,Joey Fatone,0.21912350597609562,0.20955795227804475,0.07020745630468028,0.46701566148786755,False
4,9,Ian Ziering,0.24472573839662448,0.1581309426910545,0.037556931491419684,0.7748079902737519,True
4,9,Laila Ali,0.25316455696202533,0.2734895225869578,0.08097548925079712,0.44320862547429596,False
4,9,Apolo Anton Ohno,0.2489451476793249,0.2846080538113035,0.08190793760568456,0.43307420411224373,False
4,9,Joey Fatone,0.25316455696202533,0.28377148091068366,0.08579023791290745,0.48065402755034814,False
4,10,Laila Ali,0.3281854310465651,0.33386013907055456,0.1094308273373401,0.3990438168569552,False
4,10,Apolo Anton Ohno,0.33976850076853665,0.33405241219428955,0.10754389783433271,0.40697374563338695,False
4,10,Joey Fatone,0.3320460681848982,0.33208744873515567,0.1033448705063368,0.38843939745125033,False
5,1,Cameron Mathison,0.08171206225680934,0.0845975021721351,0.03502757899857512,0.7362837925349326,False
5,1,Jane Seymour,0.0933852140077821,0.0834583028950398,0.036624106850116064,0.7452087031533623,False
5,1,Sabrina Bryan,0.10116731517509728,0.08047571218299772,0.034076034176953034,0.7230478285619587,False
5,1,Jennie Garth,0.08171206225680934,0.09192011231838236,0.03794305980704516,0.7002875100267156,False
5,1,Floyd Mayweather Jr. ,0.07003891050583658,0.09207363745802949,0.037681215892056724,0.6821264029596268,False
5,1,Josie Maran,0.0622568093385214,0.049810080187358545,0.011513534192029138,0.9396878978067102,True
5,1,Albert Reed,0.08171206225680934,0.08172254899514773,0.03278144395014231,0.7667564339563304,False
5,1,Helio Castroneves,0.09727626459143969,0.08850103700480558,0.037711926790724,0.7839964543223941,False
5,1,Mel B,0.0933852140077821,0.08494575304679428,0.03297344637625703,0.7722200036468119,False
5,1,Wayne Newton,0.07392996108949416,0.08988799645214483,0.037254990511219936,0.7641362422279079,False
5,1,Marie Osmond,0.08171206225680934,0.08694351419827022,0.03329726495122332,0.7967637975818636,False
5,1,Mark Cuban,0.08171206225680934,0.08566380308889417,0.03300057484182962,0.7164783292619623,False
5,2,Cameron Mathison,0.08823529411764706,0.09369431015949828,0.03375878901291149,0.7205992488042283,False
5,2,Jane Seymour,0.08823529411764706,0.0940105542416583,0.03317955601505095,0.786005305219244,False
5,2,Sabrina Bryan,0.1092436974789916,0.09157426500888691,0.0397340491493333,0.7117480974623605,False
5,2,Jennie Garth,0.08823529411764706,0.09658468534100474,0.03136099846968325,0.7998366837296084,False
5,2,Floyd Mayweather Jr. ,0.08823529411764706,0.09687023731308482,0.0356638478925886,0.7315115989333174,False
5,2,Albert Reed,0.08823529411764706,0.04557775224547247,0.010176115294325015,0.9391803573143088,True
5,2,Helio Castroneves,0.1134453781512605,0.09144496992559725,0.034783653266451206,0.8003754314292483,False
5,2,Mel B,0.09663865546218488,0.08739140547475095,0.03321107145070291,0.7810781018161981,False
5,2,Wayne Newton,0.06302521008403361,0.10854163735908313,0.032212742064267656,0.7825766225265725,False
5,2,Marie Osmond,0.10084033613445378,0.09583987674740505,0.040634615156869745,0.7623574324659375,False
5,2,Mark Cuban,0.07563025210084033,0.09847030618355801,0.028921877598417866,0.8053913025866055,False
5,3,Cameron Mathison,0.09623430962343096,0.10521150439547983,0.04095200166604356,0.7065461988403323,False
5,3,Jane Seymour,0.11297071129707113,0.10526121775363559,0.04227034774858703,0.7402860331716892,False
5,3,Sabrina Bryan,0.11297071129707113,0.0973990646555993,0.03455241903056852,0.7467070046422218,False
5,3,Jennie Garth,0.1087866108786611,0.10473133043163543,0.04092339634268367,0.7306853721965363,False
5,3,Floyd Mayweather Jr. ,0.08786610878661087,0.11216355381232258,0.04186994316467332,0.7184642534451406,False
5,3,Helio Castroneves,0.100418410041841,0.10520307320800897,0.04167092040623581,0.7246820383670778,False
5,3,Mel B,0.11297071129707113,0.09917946814501598,0.03863720736400593,0.720516959316862,False
5,3,Wayne Newton,0.07531380753138076,0.061780609939712926,0.013799723680216465,0.9206309872687213,True
5,3,Marie Osmond,0.1087866108786611,0.09981865351102355,0.03960819992352111,0.7236225505484409,False
5,3,Mark Cuban,0.08368200836820083,0.1092515241475654,0.03827811094248976,0.674208937065966,False
5,4,Cameron Mathison,0.11538461538461539,0.10996588787899113,0.0401378391742368,0.764763120970182,False
5,4,Jane Seymour,0.1111111111111111,0.11725690983764414,0.04244842779021655,0.7535128813077012,False
5,4,Sabrina Bryan,0.1282051282051282,0.11611879740384635,0.04477214168209234,0.7404757416654152,False
5,4,Jennie Garth,0.11538461538461539,0.11679018845168834,0.04469609314003418,0.6359223331977687,False
5,4,Floyd Mayweather Jr. ,0.09829059829059829,0.0647210411731282,0.014718874201832079,0.9137647556891284,True
5,4,Helio Castroneves,0.11538461538461539,0.11367417562170408,0.039280064722442797,0.7133628215413037,False
5,4,Mel B,0.1111111111111111,0.11733551555818514,0.04198788247377521,0.723997885892823,False
5,4,Marie Osmond,0.1111111111111111,0.11599813172960509,0.039276228126163854,0.7603258957858157,False
5,4,Mark Cuban,0.09401709401709402,0.1281393523452073,0.04294339197921641,0.6498420823266162,False
5,5,Cameron Mathison,0.1306532663316583,0.13014171501664537,0.05476487862456985,0.675615003904126,False
5,5,Jane Seymour,0.1306532663316583,0.12736872756344272,0.046181409933672694,0.6666910318459605,False
5,5,Sabrina Bryan,0.1407035175879397,0.1279392087182739,0.0498991739628967,0.6962911833952672,False
5,5,Jennie Garth,0.12562814070351758,0.14013601666644837,0.052609085117104624,0.69869632489283,False
5,5,Helio Castroneves,0.11557788944723618,0.13354184863264226,0.04751021086268733,0.6945321807632565,False
5,5,Mel B,0.1457286432160804,0.1287971461155269,0.0446735550101725,0.7464578830965967,False
5,5,Marie Osmond,0.10552763819095477,0.13680320139455854,0.047313340143242476,0.6822901128954897,False
5,5,Mark Cuban,0.10552763819095477,0.07527213589246183,0.017611837093458878,0.8841612082091665,True
5,6,Cameron Mathison,0.1388888888888889,0.16463831782208538,0.055124138121266354,0.6130936689944073,False
5,6,Jane Seymour,0.12222222222222222,0.16323181475046178,0.05224317653372992,0.676934295453077,False
5,6,Sabrina Bryan,0.1388888888888889,0.07771051031913641,0.018426428173526153,0.882207789333253,True
5,6,Jennie Garth,0.15,0.15399600130437568,0.05370199743621874,0.6445612218038231,False
5,6,Helio Castroneves,0.15555555555555556,0.14513762713035358,0.047820294676329776,0.6098464884928869,False
5,6,Mel B,0.16666666666666666,0.132968421423521,0.046699118508811005,0.7011878813233261,False
5,6,Marie Osmond,0.12777777777777777,0.1623173072500656,0.053315633780113475,0.6562412353213978,False
5,7,Cameron Mathison,0.16346153846153846,0.1782930566575334,0.0588031464952528,0.6381194014984284,False
5,7,Jane Seymour,0.16025641025641027,0.09512125039012076,0.0217023778554029,0.8881480159991448,True
5,7,Jennie Garth,0.16987179487179488,0.17678867955686856,0.05792529488877964,0.6402226279703984,False
5,7,Helio Castroneves,0.16666666666666666,0.18992454510265622,0.0700949187326706,0.4676711228083623,False
5,7,Mel B,0.17307692307692307,0.18180824766213344,0.06309972340971559,0.6377721720623288,False
5,7,Marie Osmond,0.16666666666666666,0.17806422063068714,0.060783106566621295,0.6377948507310384,False
5,8,Cameron Mathison,0.19391634980988592,0.12387154284806644,0.029295566988726894,0.841524506504396,True
5,8,Jennie Garth,0.19011406844106463,0.2202871933681027,0.06407769841323332,0.5662139039440819,False
5,8,Helio Castroneves,0.21673003802281368,0.22079733826713288,0.07450932907364562,0.5676888511465121,False
5,8,Mel B,0.21292775665399238,0.20466790937006632,0.059977561220535845,0.6174365629793203,False
5,8,Marie Osmond,0.18631178707224336,0.23037601614663183,0.06460419596673318,0.5649553804810108,False
5,9,Jennie Garth,0.24786324786324787,0.15438760824559764,0.03700604511307309,0.8198505132211698,True
5,9,Helio Castroneves,0.2564102564102564,0.2935093515691098,0.08593800967643458,0.48306846105808177,False
5,9,Mel B,0.2564102564102564,0.27628450582130737,0.08351150910742457,0.51795117136982,False
5,9,Marie Osmond,0.23931623931623933,0.27581853436398424,0.07721796891360141,0.5918932436014638,False
5,10,Helio Castroneves,0.35294095402801606,0.3289899801980901,0.10990406516057266,0.342365969251884,False
5,10,Mel B,0.3571422268889026,0.33903232388908416,0.10850302683524259,0.412804311288129,False
5,10,Marie Osmond,0.2899168190830813,0.3319776959128259,0.10471478434785983,0.42012314647979976,False
6,1,Cristian de la Fuente,0.08641975308641975,0.0814196732761958,0.03450510357983201,0.7607321609821943,False
6,1,Steve Guttenberg,0.07407407407407407,0.08616411769453146,0.03762790028592475,0.7476950456529847,False
6,1,Priscilla Presley,0.09876543209876543,0.07867748272995438,0.031659960792889186,0.7393440758024361,False
6,1,Marlee Matlin,0.09053497942386832,0.08298797993449718,0.03587553234722051,0.7346332167529639,False
6,1,Shannon Elizabeth,0.08641975308641975,0.08324792969535982,0.03296572924986126,0.7609812202007435,False
6,1,Marissa Jaret Winokur,0.07407407407407407,0.08739882558005896,0.03635912212289661,0.7735929818089919,False
6,1,Jason Taylor,0.09053497942386832,0.08421095224639698,0.03278094684015326,0.7649022919879307,False
6,1,Kristi Yamaguchi,0.1111111111111111,0.08445164747416468,0.03659129734881738,0.7395114013578783,False
6,1,Monica Seles,0.06172839506172839,0.08368049500244491,0.03256786509275085,0.745356706644513,False
6,1,Penn Jillette,0.06584362139917696,0.08440625178794364,0.03240486931883279,0.7541565712055697,False
6,1,Adam Carolla,0.06172839506172839,0.07949652622702506,0.033054659362636095,0.7887265886717446,False
6,1,Mario,0.09876543209876543,0.083858118351427,0.032881013599164975,0.7601463434313807,False
6,2,Cristian de la Fuente,0.07782101167315175,0.09398066706735084,0.033642473893881086,0.7960989329043692,False
6,2,Steve Guttenberg,0.0622568093385214,0.09946557184875941,0.03354917170936242,0.8167130621125085,False
6,2,Priscilla Presley,0.08171206225680934,0.08509502343967143,0.029324238088133517,0.8270425687889249,False
6,2,Marlee Matlin,0.0933852140077821,0.09109175365798373,0.039027495166012366,0.7634131996150768,False
6,2,Shannon Elizabeth,0.0933852140077821,0.08541141705083972,0.031030461791464178,0.8259409389093906,False
6,2,Marissa Jaret Winokur,0.08171206225680934,0.09092258872455167,0.03694438064520735,0.7930263237060854,False
6,2,Jason Taylor,0.10505836575875487,0.08685372308789838,0.03532108492316371,0.7234673072870328,False
6,2,Kristi Yamaguchi,0.10505836575875487,0.08241446828837368,0.032938662039277526,0.7697961314618418,False
6,2,Monica Seles,0.058365758754863814,0.057509601300465396,0.01318839929175485,0.9290190851518605,True
6,2,Penn Jillette,0.06614785992217899,0.05171449744195192,0.011699225907916468,0.9326024270462835,True
6,2,Adam Carolla,0.07392996108949416,0.09305990528083695,0.03417712611026065,0.745340761600555,False
6,2,Mario,0.10116731517509728,0.08248078281131685,0.03152975714357904,0.7805254608876394,False
6,3,Cristian de la Fuente,0.10964912280701754,0.09943298508187383,0.035816748479936183,0.7646754527185979,False
6,3,Steve Guttenberg,0.09210526315789473,0.05441631122547239,0.012181266346144725,0.9306317416390986,True
6,3,Priscilla Presley,0.11403508771929824,0.09485978319854214,0.03556990229519668,0.782954226647361,False
6,3,Marlee Matlin,0.09210526315789473,0.10958339837659098,0.0364999760690103,0.7687076532282829,False
6,3,Shannon Elizabeth,0.10526315789473684,0.10339861141708143,0.04013218891468641,0.6236056245471306,False
6,3,Marissa Jaret Winokur,0.08333333333333333,0.11190279312746787,0.03968412160363247,0.7225084822040699,False
6,3,Jason Taylor,0.10087719298245613,0.10426261050465774,0.03718792152527129,0.7800062708335381,False
6,3,Kristi Yamaguchi,0.11842105263157894,0.10319838448596798,0.037045106998519255,0.7348314655588586,False
6,3,Adam Carolla,0.09210526315789473,0.10787952184757156,0.04070123545828509,0.7211974031542034,False
6,3,Mario,0.09210526315789473,0.11106560073477356,0.043145123919588975,0.7074881366471822,False
6,4,Cristian de la Fuente,0.11555555555555555,0.11646225838920297,0.04526120214419041,0.6743536533648986,False
6,4,Priscilla Presley,0.09777777777777778,0.1229577503958571,0.04608116949237444,0.7056480861335798,False
6,4,Marlee Matlin,0.10666666666666667,0.11471358900812045,0.04129110449866175,0.7209314448113202,False
6,4,Shannon Elizabeth,0.12444444444444444,0.11815976020295813,0.04373650092692731,0.7264238366447654,False
6,4,Marissa Jaret Winokur,0.10666666666666667,0.12157346049106404,0.04347682646623182,0.6574957168252258,False
6,4,Jason Taylor,0.1288888888888889,0.11418841483095851,0.04588389021510334,0.7032915193692567,False
6,4,Kristi Yamaguchi,0.1288888888888889,0.1098137483338487,0.0449118009123585,0.6302351929380235,False
6,4,Adam Carolla,0.08444444444444445,0.06912993898855987,0.016535701607042153,0.9025636414426903,True
6,4,Mario,0.10666666666666667,0.11300107935943027,0.04216820478980557,0.7166050600296665,False
6,5,Cristian de la Fuente,0.11734693877551021,0.1283010301787533,0.04130384980617682,0.712148597173063,False
6,5,Priscilla Presley,0.10714285714285714,0.0737832426415799,0.017889332104615917,0.8967655275804587,True
6,5,Marlee Matlin,0.11224489795918367,0.13450135086102233,0.044432552559093515,0.7161523875542084,False
6,5,Shannon Elizabeth,0.11734693877551021,0.13035338794463655,0.04567966189249,0.7168780105845474,False
6,5,Marissa Jaret Winokur,0.12244897959183673,0.1334525438423528,0.04699327631451811,0.7251894892983688,False
6,5,Jason Taylor,0.1377551020408163,0.12802448354786383,0.04555065299520315,0.6849630451979242,False
6,5,Kristi Yamaguchi,0.14795918367346939,0.1364231371246239,0.053640063574485954,0.6357558542585532,False
6,5,Mario,0.1377551020408163,0.1351608238591669,0.05478214206025525,0.5929914773831857,False
6,6,Cristian de la Fuente,0.15,0.15385931394354727,0.058585338484084155,0.6580971343172124,False
6,6,Marlee Matlin,0.11666666666666667,0.09224153409804907,0.02056672718478933,0.8859472528492603,True
6,6,Shannon Elizabeth,0.13333333333333333,0.15714808423706544,0.054125311074348356,0.6021473127758803,False
6,6,Marissa Jaret Winokur,0.14444444444444443,0.14902148304296223,0.05102433487981162,0.6560016033092969,False
6,6,Jason Taylor,0.13333333333333333,0.1541692249435275,0.05433218401358908,0.6409686082944724,False
6,6,Kristi Yamaguchi,0.16666666666666666,0.14781290895427177,0.060306607084808554,0.6401971029054876,False
6,6,Mario,0.15555555555555556,0.14574745078057716,0.05484032818202283,0.6398139433821388,False
6,7,Cristian de la Fuente,0.1488673139158576,0.1920166326443179,0.057423482726130494,0.6637711345573786,False
6,7,Shannon Elizabeth,0.1650485436893204,0.0955713998541815,0.020037454855752826,0.8935228358863324,True
6,7,Marissa Jaret Winokur,0.16828478964401294,0.17876037038300865,0.06060995717351466,0.5673505337720781,False
6,7,Jason Taylor,0.1779935275080906,0.17042519844174023,0.05467716122669899,0.6621795576580128,False
6,7,Kristi Yamaguchi,0.17475728155339806,0.18374714259520122,0.058245551037324705,0.6225285551076012,False
6,7,Mario,0.1650485436893204,0.1794792560815494,0.05883939625015633,0.5094776714924901,False
6,8,Cristian de la Fuente,0.21348314606741572,0.21849113469137105,0.06651634047390287,0.6233446621410825,False
6,8,Marissa Jaret Winokur,0.18726591760299627,0.21362862581514983,0.058279882677103906,0.6001632897689866,False
6,8,Jason Taylor,0.1947565543071161,0.22609601998617995,0.07321153297919002,0.5740328118852827,False
6,8,Kristi Yamaguchi,0.20599250936329588,0.22186036942391418,0.07013074274421364,0.5771600385482465,False
6,8,Mario,0.19850187265917604,0.11992385008338562,0.025354172620643572,0.8651990878107243,True
6,9,Cristian de la Fuente,0.2545454545454545,0.2783447191741508,0.09129310155853369,0.44217277626263163,False
6,9,Marissa Jaret Winokur,0.23636363636363636,0.16244973122811818,0.03858123076955191,0.8079143441564622,True
6,9,Jason Taylor,0.25,0.2786566834745977,0.08483067998571521,0.44267319461745225,False
6,9,Kristi Yamaguchi,0.2590909090909091,0.280548866123133,0.08739928521687824,0.4489916770387039,False
6,10,Cristian de la Fuente,0.3076923076923077,0.3272544833217443,0.10554767525238798,0.34154757947719594,False
6,10,Jason Taylor,0.33727810650887574,0.3261443310763892,0.10788412238252293,0.32334963326632427,False
6,10,Kristi Yamaguchi,0.35502958579881655,0.3466011856018661,0.10752051155786023,0.37300538012559015,False
7,1,Ted McGinley,0.07341269841269842,0.04056648260748923,0.008614867705916676,0.9498194604745653,True
7,1,Cloris Leachman,0.06349206349206349,0.08734683615427316,0.028558025201004634,0.8054446570888786,False
7,1,Susan Lucci,0.07341269841269842,0.08447115341557002,0.032163296465662246,0.8088119013075874,False
7,1,Cody Linley,0.08134920634920635,0.0793323667401321,0.029596561669309795,0.7993802896421967,False
7,1,Misty May-Treanor,0.08333333333333333,0.08008717609323585,0.03028831374585825,0.7775131885253784,False
7,1,Maurice Greene,0.07738095238095238,0.0798031469440757,0.028669202585902127,0.7803351249722905,False
7,1,Warren Sapp,0.08531746031746032,0.08731720284571218,0.03450014030234753,0.7737631205968976,False
7,1,Jeffrey Ross,0.047619047619047616,0.05429414050610834,0.013225453966492363,0.9265729454969279,True
7,1,Toni Braxton,0.08928571428571429,0.08205371362470935,0.03301269833611523,0.7863145809454182,False
7,1,Lance Bass,0.08531746031746032,0.0816999286423616,0.028560610471783352,0.8086249819859337,False
7,1,Kim Kardashian,0.07341269841269842,0.08299905807872959,0.03409689572778667,0.7767673349057411,False
7,1,Rocco DiSpirito,0.06944444444444445,0.08248838767198002,0.028304570391425747,0.7829839072410141,False
7,1,Brooke Burke,0.09722222222222222,0.07754040667562374,0.0341633050912591,0.7379022650031474,False
7,2,Cloris Leachman,0.06787330316742081,0.10408159276747883,0.0342140367045612,0.7155820519990774,False
7,2,Susan Lucci,0.09502262443438914,0.09075913964146363,0.03414311931797226,0.8059931127974705,False
7,2,Cody Linley,0.09502262443438914,0.09780665253717871,0.03685611277733463,0.7704094523803866,False
7,2,Misty May-Treanor,0.09502262443438914,0.08861713242821796,0.030804120477081576,0.7777805116725202,False
7,2,Maurice Greene,0.08597285067873303,0.09723095795483659,0.03447689340150326,0.7999095535100765,False
7,2,Warren Sapp,0.1085972850678733,0.09304523488589435,0.041727434289129214,0.7528792553750319,False
7,2,Toni Braxton,0.10407239819004525,0.090551141187169,0.033701624116511966,0.7442115461660295,False
7,2,Lance Bass,0.09049773755656108,0.09266357507638887,0.036651353348163426,0.6738651513988253,False
7,2,Kim Kardashian,0.07692307692307693,0.05089147545433085,0.011292289443622427,0.9249172192114711,True
7,2,Rocco DiSpirito,0.07239819004524888,0.10082004709305556,0.03345618798599928,0.7553746573724989,False
7,2,Brooke Burke,0.1085972850678733,0.09353305097398598,0.03894480950101851,0.7699743191951607,False
7,3,Cloris Leachman,0.08040201005025126,0.11541644730296372,0.04495051452495859,0.7376677708652466,False
7,3,Susan Lucci,0.10552763819095477,0.11310138844905768,0.04559338539760465,0.6861091776946457,False
7,3,Cody Linley,0.10552763819095477,0.11175731519466699,0.04379081011294324,0.6643746152159111,False
7,3,Maurice Greene,0.12060301507537688,0.11043846382192936,0.04250498537637679,0.6427701298633025,False
7,3,Warren Sapp,0.12562814070351758,0.1059904371449263,0.04159196300999023,0.7430304303386714,False
7,3,Toni Braxton,0.11055276381909548,0.11250066296727156,0.0426627055138285,0.725025311008672,False
7,3,Lance Bass,0.11055276381909548,0.10816865793567162,0.04410865578946325,0.7503699853664175,False
7,3,Rocco DiSpirito,0.10050251256281408,0.1098840632396648,0.044549775393720764,0.7100192728148876,False
7,3,Brooke Burke,0.1407035175879397,0.11274256394384782,0.04515507100110902,0.7070556562035601,False
7,4,Cloris Leachman,0.10837438423645321,0.11171952206663176,0.03944612267739756,0.7432621679146248,False
7,4,Susan Lucci,0.11822660098522167,0.11597657654618303,0.04791515766316559,0.6529723268012572,False
7,4,Cody Linley,0.11330049261083744,0.11233102024456493,0.04253576907324906,0.6775613514023244,False
7,4,Maurice Greene,0.09852216748768473,0.1238751416380367,0.04433141346997375,0.7396118955785638,False
7,4,Warren Sapp,0.10837438423645321,0.11644879369670293,0.047578069311740995,0.6925061963974103,False
7,4,Toni Braxton,0.10837438423645321,0.11962646615415064,0.04953604842903604,0.6651276963360286,False
7,4,Lance Bass,0.12807881773399016,0.11888068195484963,0.04846649405374623,0.6661504805168519,False
7,4,Rocco DiSpirito,0.08866995073891626,0.06943687125084137,0.01703179506236133,0.9072506267938819,True
7,4,Brooke Burke,0.12807881773399016,0.11170492644803898,0.0433111372763633,0.7344277937300523,False
7,5,Cloris Leachman,0.1076923076923077,0.14537855109338435,0.04778704500909593,0.6910312922279676,False
7,5,Susan Lucci,0.11282051282051282,0.13048090977743726,0.04000502890910464,0.7574801821862431,False
7,5,Cody Linley,0.14358974358974358,0.12371793283994771,0.050903826914927036,0.7125480564254807,False
7,5,Maurice Greene,0.13846153846153847,0.12708893540250538,0.04595204831702474,0.7044832532881664,False
7,5,Warren Sapp,0.1282051282051282,0.1347244041259038,0.05196154450160337,0.6350957775562427,False
7,5,Toni Braxton,0.11282051282051282,0.07097435186107075,0.01634096642332202,0.9100298208638641,True
7,5,Lance Bass,0.1076923076923077,0.14110803585195827,0.05107379697776265,0.5682994522491722,False
7,5,Brooke Burke,0.14871794871794872,0.1265268790477932,0.046671619348560525,0.7495577071730186,False
7,6,Cloris Leachman,0.09375,0.10289627514038772,0.024790708428219895,0.8594328121514876,True
7,6,Susan Lucci,0.14375,0.14819751574238207,0.05479922494148239,0.57611273628416,False
7,6,Cody Linley,0.14375,0.14982914059393443,0.054800835342947704,0.7061056318065947,False
7,6,Maurice Greene,0.13125,0.15321453617544267,0.05429415349832951,0.5557152776745858,False
7,6,Warren Sapp,0.15625,0.14654546958243586,0.05235145329488001,0.675905148215036,False
7,6,Lance Bass,0.16875,0.15006172856205505,0.05680181815252153,0.6496923206329983,False
7,6,Brooke Burke,0.1625,0.14925533420336223,0.05541526461551102,0.6387523379208803,False
7,7,Susan Lucci,0.16326530612244897,0.09361422021260528,0.02054060760740076,0.8846918295867731,True
7,7,Cody Linley,0.14965986394557823,0.17839350760993025,0.05185062716616708,0.6731771596538683,False
7,7,Maurice Greene,0.17006802721088435,0.17659756344820354,0.060190264089640455,0.6138518133992451,False
7,7,Warren Sapp,0.14285714285714285,0.19323357224609428,0.05843208756300332,0.6487357662825258,False
7,7,Lance Bass,0.17006802721088435,0.18084587416777115,0.06624896247398857,0.453842053443851,False
7,7,Brooke Burke,0.20408163265306123,0.17731526231539585,0.0673535322470173,0.5848083008891942,False
7,8,Cody Linley,0.18823529411764706,0.22900748829311057,0.0712759743494311,0.6171997454659289,False
7,8,Maurice Greene,0.18823529411764706,0.12293442349108627,0.02861097850865945,0.8456186870303487,True
7,8,Warren Sapp,0.21176470588235294,0.21813912918960734,0.0726807995118761,0.5839841519071476,False
7,8,Lance Bass,0.19607843137254902,0.21951456085626073,0.06646416333810617,0.5756804078171107,False
7,8,Brooke Burke,0.21568627450980393,0.21040439816993428,0.07100677481296162,0.5092967345893906,False
7,9,Cody Linley,0.22885572139303484,0.16822397546094267,0.03725666727997317,0.7618305659060254,True
7,9,Warren Sapp,0.24378109452736318,0.2895080923881318,0.08406371041858006,0.4517822889630517,False
7,9,Lance Bass,0.2835820895522388,0.2677637662602546,0.08451662900189173,0.44339647090532486,False
7,9,Brooke Burke,0.24378109452736318,0.2745041658906704,0.07340199276409214,0.5668687165619473,False
7,10,Warren Sapp,0.3235294117647059,0.33455899177698223,0.11166286599313,0.3915144733699374,False
7,10,Lance Bass,0.3235294117647059,0.32886820008247897,0.1055029099639825,0.39604767336517066,False
7,10,Brooke Burke,0.35294117647058826,0.3365728081405394,0.10469432975915118,0.3601563301674846,False
8,1,Gilles Marini,0.09876543209876543,0.07289328963108226,0.028113905940632074,0.7728450193031308,False
8,1,Denise Richards,0.07407407407407407,0.07582348387207112,0.029159449607619035,0.7915883373393472,False
8,1,David Alan Grier,0.07818930041152264,0.08189418092869831,0.03408038946526787,0.7361120844511722,False
8,1,Lawrence Taylor,0.06584362139917696,0.07498080127453274,0.031080597641784467,0.7822021588181943,False
8,1,Ty Murray,0.05761316872427984,0.07891385736240586,0.03183175406718225,0.7924074283339556,False
8,1,Shawn Johnson,0.09465020576131687,0.07655589097662246,0.032562908295181596,0.7538611641836809,False
8,1,Steve Wozniak,0.053497942386831275,0.07796858445645623,0.031813954130748154,0.809690880079748,False
8,1,Belinda Carlisle,0.06995884773662552,0.07761185029362043,0.03147190213175262,0.7339661346036519,False
8,1,Chuck Wicks,0.0823045267489712,0.0774004211579521,0.032971335017263466,0.7070600554955292,False
8,1,Lil' Kim,0.08641975308641975,0.07848760191122947,0.032852650086267254,0.7961482560969717,False
8,1,Steve-O,0.06995884773662552,0.07868637990490314,0.032174457505115606,0.7625582410456693,False
8,1,Holly Madison,0.07407407407407407,0.07499411977138631,0.02929993646279203,0.7774778441980779,False
8,1,Melissa Rycroft,0.09465020576131687,0.07378953845903967,0.029687953531669083,0.8313201399885493,False
8,2,Gilles Marini,0.1018867924528302,0.0790341366801439,0.03229634620046137,0.7946623033192128,False
8,2,Denise Richards,0.07924528301886792,0.07638992552972405,0.029198330045671607,0.8018414114235259,False
8,2,David Alan Grier,0.06415094339622641,0.08187831446155892,0.02834557229120301,0.7673678416946708,False
8,2,Lawrence Taylor,0.07547169811320754,0.07993274802092838,0.03115235447751884,0.7957804014438176,False
8,2,Ty Murray,0.07547169811320754,0.0815068441379651,0.03144918953299102,0.7756965503628119,False
8,2,Shawn Johnson,0.09056603773584905,0.07943291953739606,0.033260253261872395,0.7505104725489572,False
8,2,Steve Wozniak,0.06415094339622641,0.08022475088088242,0.026668108037026714,0.8460738511966289,False
8,2,Belinda Carlisle,0.06792452830188679,0.039183297982787864,0.00892564426307478,0.9539553400761214,True
8,2,Chuck Wicks,0.07547169811320754,0.07562012376739442,0.03018632396139199,0.7885690771930165,False
8,2,Lil' Kim,0.08679245283018867,0.07669771293787153,0.028795289495152407,0.7766586427892002,False
8,2,Steve-O,0.052830188679245285,0.09386683999545535,0.033628819065447936,0.7318417265186484,False
8,2,Holly Madison,0.06792452830188679,0.0821220890408476,0.03258336110318536,0.7966318965653864,False
8,2,Melissa Rycroft,0.09811320754716982,0.07411029702704455,0.032027783025774303,0.7269982053594526,False
8,3,Gilles Marini,0.1062992125984252,0.08432916286980549,0.036064138374330104,0.73237849718365,False
8,3,Denise Richards,0.06299212598425197,0.04800161048346967,0.012543347936338198,0.9333742501213826,True
8,3,David Alan Grier,0.09448818897637795,0.08215834998068998,0.03515296171937436,0.755800555703646,False
8,3,Lawrence Taylor,0.07874015748031496,0.08308455626590071,0.03254038384827559,0.8111802843815692,False
8,3,Ty Murray,0.09055118110236221,0.08442731023316294,0.03082633584171078,0.7943780381619002,False
8,3,Shawn Johnson,0.1062992125984252,0.08195621527402604,0.031506443570749464,0.8374163673377264,False
8,3,Steve Wozniak,0.03937007874015748,0.10807699146574781,0.0328677911112318,0.7094832279190929,False
8,3,Chuck Wicks,0.09055118110236221,0.08165282228682587,0.03230420509481874,0.8163689276743735,False
8,3,Lil' Kim,0.0984251968503937,0.07579540519481845,0.028068353026994335,0.8261807822322038,False
8,3,Steve-O,0.05905511811023622,0.0893811372209513,0.029876457480680393,0.809958895368122,False
8,3,Holly Madison,0.06692913385826772,0.09089583901964911,0.033840573808372416,0.7257870562522402,False
8,3,Melissa Rycroft,0.1062992125984252,0.09024059970495278,0.03951096567183448,0.7390634313172779,False
8,4,Gilles Marini,0.12396694214876033,0.09207135655162707,0.03621544247373086,0.7606418288288193,False
8,4,David Alan Grier,0.09090909090909091,0.09819436967047067,0.033499934651760946,0.7760625596371071,False
8,4,Lawrence Taylor,0.07851239669421488,0.10123025185392366,0.03631888738495814,0.7746782576713429,False
8,4,Ty Murray,0.10330578512396695,0.09466885225558269,0.03478459745437319,0.7177521830562916,False
8,4,Shawn Johnson,0.10330578512396695,0.0924705552338744,0.0334986549559176,0.7923997811020113,False
8,4,Steve Wozniak,0.049586776859504134,0.06705545424380074,0.0175559193992865,0.9029636771848155,True
8,4,Chuck Wicks,0.09090909090909091,0.09534038301931913,0.03313719841710105,0.7970818373427808,False
8,4,Lil' Kim,0.1115702479338843,0.09274656427641563,0.036345668561855525,0.7877488260274873,False
8,4,Steve-O,0.06198347107438017,0.11356879867867187,0.034619139831230515,0.7521495066984529,False
8,4,Holly Madison,0.06611570247933884,0.06034078198645688,0.014852844098117058,0.9208204173491449,True
8,4,Melissa Rycroft,0.11983471074380166,0.09231263222985746,0.03459910633799101,0.7335354932527778,False
8,5,Gilles Marini,0.1380952380952381,0.1147901776874684,0.04411967065505302,0.7352574020327911,False
8,5,David Alan Grier,0.10476190476190476,0.058671035978151105,0.013380814941032862,0.9229168324260365,True
8,5,Lawrence Taylor,0.09523809523809523,0.12155452311327233,0.03962023691116459,0.7357246324077152,False
8,5,Ty Murray,0.1,0.11971369776654707,0.04111191346214125,0.740956702150931,False
8,5,Shawn Johnson,0.12380952380952381,0.11098058730191988,0.04176717105838266,0.6945686057864853,False
8,5,Chuck Wicks,0.10952380952380952,0.1156286316391686,0.04480955940089334,0.6904837790542512,False
8,5,Lil' Kim,0.12380952380952381,0.11166799655347345,0.04236117639199464,0.7469625007866086,False
8,5,Steve-O,0.08571428571428572,0.13436133973412132,0.04221032353116911,0.6831688550787283,False
8,5,Melissa Rycroft,0.11904761904761904,0.11263201022587706,0.04204703206239989,0.7170156095022211,False
8,6,Gilles Marini,0.13978494623655913,0.1245115807474161,0.04905814897001873,0.677291514163185,False
8,6,Lawrence Taylor,0.11827956989247312,0.1343167660027273,0.04656924690545739,0.7147594794878835,False
8,6,Ty Murray,0.0967741935483871,0.13641780953335397,0.045922285596319175,0.6342073965994302,False
8,6,Shawn Johnson,0.13978494623655913,0.12913195303950367,0.048402557670466966,0.7014672350859028,False
8,6,Chuck Wicks,0.12365591397849462,0.13193477381451554,0.051950321390566226,0.6668616972438265,False
8,6,Lil' Kim,0.15053763440860216,0.1282458475243926,0.04681999161328745,0.7150302087526202,False
8,6,Steve-O,0.08602150537634409,0.08510636358371083,0.020881906559641325,0.8943067086259142,True
8,6,Melissa Rycroft,0.14516129032258066,0.13033490575438006,0.05181476930733099,0.6783215336780951,False
8,7,Gilles Marini,0.14835164835164835,0.15015896724114383,0.054502257408620955,0.6508944078525526,False
8,7,Lawrence Taylor,0.11538461538461539,0.09118382893311609,0.021663853055114493,0.8767870802867356,True
8,7,Ty Murray,0.13186813186813187,0.16223793962933786,0.056651157675322285,0.5628325787108638,False
8,7,Shawn Johnson,0.15384615384615385,0.15060291584160782,0.055743468358498395,0.6810558134463046,False
8,7,Chuck Wicks,0.14835164835164835,0.15014104115353802,0.05931528411290839,0.49108823897047127,False
8,7,Lil' Kim,0.14285714285714285,0.14789889340242304,0.05191084423501472,0.6497258179612551,False
8,7,Melissa Rycroft,0.15934065934065933,0.1477764137988331,0.05545665573613928,0.5745935354549108,False
8,8,Gilles Marini,0.1762820512820513,0.18215268667844114,0.06439595385952976,0.6525515426539376,False
8,8,Ty Murray,0.16666666666666666,0.17280497553181162,0.058058673929129674,0.5385085236123381,False
8,8,Shawn Johnson,0.16666666666666666,0.17999217213987348,0.058942551939460505,0.58130571129347,False
8,8,Chuck Wicks,0.16346153846153846,0.09589204701647443,0.021997306965705846,0.8675764681667306,True
8,8,Lil' Kim,0.1794871794871795,0.1776165124294977,0.06067013948107889,0.6335411308628822,False
8,8,Melissa Rycroft,0.14743589743589744,0.19154160620390256,0.05519321964113888,0.6332382924930599,False
8,9,Gilles Marini,0.20973782771535582,0.20811612266078997,0.0646427660165449,0.5788248357972474,False
8,9,Ty Murray,0.17228464419475656,0.23596932378687802,0.06587219089600006,0.5378132925614825,False
8,9,Shawn Johnson,0.20973782771535582,0.22286277610309127,0.07442723359085748,0.5097973208865514,False
8,9,Lil' Kim,0.1947565543071161,0.12029834122973611,0.028327511499337793,0.8441192776702424,True
8,9,Melissa Rycroft,0.21348314606741572,0.212753436219505,0.06905701198977736,0.5513205164911834,False
8,10,Gilles Marini,0.273972602739726,0.27500180657942164,0.08345444321264198,0.46014348000189453,False
8,10,Ty Murray,0.2191780821917808,0.1734250912184192,0.040951916644422104,0.7480647179203078,True
8,10,Shawn Johnson,0.2557077625570776,0.2751153989692132,0.0834139218384357,0.48840997199802805,False
8,10,Melissa Rycroft,0.2511415525114155,0.2764577032329466,0.08420278463367505,0.43268649760734124,False
8,11,Gilles Marini,0.3314285714285714,0.34293032264699663,0.1080477408191451,0.35491989300518345,False
8,11,Shawn Johnson,0.34285714285714286,0.34721596909200025,0.1134994541792892,0.34029894065475175,False
8,11,Melissa Rycroft,0.32571428571428573,0.30985370826100284,0.10348861283114447,0.37556613288884955,False
9,1,Ashley Hamiliton,0.046797967676719905,0.037752789319875975,0.00881989693303057,0.9516312842977693,True
9,1,Debi Mazar,0.05418740566465287,0.06688866156513483,0.024852793524146842,0.8527334217585499,False
9,1,Melissa Joan Hart,0.05911353345234858,0.06712050450215497,0.026025108479135715,0.8324621945907564,False
9,1,Mark Dacascos,0.0714283603088091,0.06347673588115318,0.02528798007750045,0.8248038728519171,False
9,1,Chuck Liddell,0.05418740566465287,0.06880690709153836,0.024077573829179775,0.8358332172415002,False
9,1,Natalie Coughlin,0.06650223252111338,0.06877136203201066,0.02479666516390543,0.8049817818683116,False
9,1,Louie Vito,0.06650223252111338,0.06700753447708253,0.02553165613862727,0.8460845645485748,False
9,1,Michael Irvin,0.046798213983109294,0.06854331418951469,0.02106227044869361,0.8609598383453744,False
9,1,Joanna Krupa,0.08374392608443776,0.06290534957478797,0.02371329630793455,0.8387325959184273,False
9,1,Kathy Ireland,0.04926103157056776,0.07116472081156042,0.02490140811945645,0.7897620257626046,False
9,1,Tom DeLay,0.04926103157056776,0.06952234234561812,0.021858952876977027,0.8592668950064812,False
9,1,Macy Gray,0.046797967676719905,0.03708687610254,0.008630851579998407,0.954145136146069,True
9,1,Aaron Carter,0.07881779829674204,0.06518847138015435,0.025042251906822008,0.8336908293373342,False
9,1,Mya,0.07635473440289418,0.06160693619259025,0.02453196965105038,0.875310907532342,False
9,1,Donny Osmond,0.07389167050904633,0.062379527607704446,0.023980468091805714,0.7829299701966008,False
9,1,Kelly Osbourne,0.07635448809650482,0.06177796692657927,0.024627354827366808,0.8412776832764629,False
9,2,Debi Mazar,0.07142857142857142,0.0764557396181296,0.03102615107647489,0.8215885621644444,False
9,2,Melissa Joan Hart,0.06462585034013606,0.07303656138429926,0.027304410824575503,0.8356367554075335,False
9,2,Mark Dacascos,0.07142857142857142,0.07410217378207795,0.02816125081807969,0.8136688338088646,False
9,2,Chuck Liddell,0.06462585034013606,0.07764727549705404,0.030289764318827368,0.8093146733676843,False
9,2,Natalie Coughlin,0.07142857142857142,0.07537226490013893,0.03213103219387927,0.8096101390960475,False
9,2,Louie Vito,0.06462585034013606,0.0727257070393309,0.024522462351724485,0.8282081366618876,False
9,2,Michael Irvin,0.06802721088435375,0.07562547468290325,0.027034523996008135,0.811236125528067,False
9,2,Joanna Krupa,0.06802721088435375,0.07832822390647622,0.03046375486584756,0.8355950028695497,False
9,2,Kathy Ireland,0.061224489795918366,0.03669776071798935,0.008145359131702643,0.9473310125473866,True
9,2,Tom DeLay,0.061224489795918366,0.07373971281856491,0.026377284389519043,0.7935018736406563,False
9,2,Aaron Carter,0.09183673469387756,0.06786370751242629,0.028503190426558172,0.8290492098538045,False
9,2,Mya,0.09183673469387756,0.07170722750171843,0.02956459477325639,0.8199840768385924,False
9,2,Donny Osmond,0.08503401360544217,0.06898038515836315,0.025970625028817917,0.8007842855010243,False
9,2,Kelly Osbourne,0.06462585034013606,0.07771778548052766,0.03026032591345839,0.8194374973270195,False
9,3,Debi Mazar,0.06589147286821706,0.04018425765715222,0.009263489074252234,0.9385328334311401,True
9,3,Melissa Joan Hart,0.07364341085271318,0.07949542184313886,0.02946990845095382,0.7646642884381615,False
9,3,Mark Dacascos,0.06976744186046512,0.0793595138856707,0.03122021378212787,0.8020167027833461,False
9,3,Chuck Liddell,0.06589147286821706,0.08210669019324167,0.028320646898456224,0.7999649450586747,False
9,3,Natalie Coughlin,0.10077519379844961,0.07467364707354673,0.0321586522780386,0.785769295293366,False
9,3,Louie Vito,0.07751937984496124,0.08135776010502602,0.03254137807880098,0.7705696212715633,False
9,3,Michael Irvin,0.05426356589147287,0.08978427466892913,0.028087003159725878,0.7911480679501743,False
9,3,Joanna Krupa,0.08914728682170543,0.07580411871447501,0.03152662061907758,0.7443767388001601,False
9,3,Tom DeLay,0.05813953488372093,0.08455021614402733,0.028587497153510204,0.8082526261330123,False
9,3,Aaron Carter,0.08139534883720931,0.0813094077039123,0.03323930990351111,0.7567343449166781,False
9,3,Mya,0.10465116279069768,0.07617407729698132,0.030703785290249103,0.7924935816420484,False
9,3,Donny Osmond,0.08139534883720931,0.07900470365836054,0.03005677091032025,0.7840098306150779,False
9,3,Kelly Osbourne,0.07751937984496124,0.07619591105553812,0.02862048401439865,0.8434231346668726,False
9,4,Melissa Joan Hart,0.11570247933884298,0.09008913352307618,0.03560329752375423,0.7341852787539078,False
9,4,Mark Dacascos,0.09090909090909091,0.09612141600035887,0.03684448112408167,0.7554363764401786,False
9,4,Chuck Liddell,0.07024793388429752,0.05369235852407988,0.012487183810011808,0.9262488988454041,True
9,4,Natalie Coughlin,0.09917355371900827,0.09106365419516242,0.03387660125841259,0.7396750121050346,False
9,4,Louie Vito,0.06611570247933884,0.10153480283217221,0.035185736034774096,0.7538331022814881,False
9,4,Michael Irvin,0.06611570247933884,0.10361883671786527,0.035383816152851154,0.7797115778119317,False
9,4,Joanna Krupa,0.10743801652892562,0.09074717469314578,0.0371852298840485,0.7520473897528375,False
9,4,Aaron Carter,0.0743801652892562,0.09909881260433487,0.037067584371191876,0.7562871749820451,False
9,4,Mya,0.11570247933884298,0.09197848497510974,0.03617414230258279,0.772854798401026,False
9,4,Donny Osmond,0.09917355371900827,0.08730971790374763,0.03548441288367646,0.6869722300867749,False
9,4,Kelly Osbourne,0.09504132231404959,0.09474560803094696,0.037479892407353846,0.7611336234068844,False
9,5,Melissa Joan Hart,0.09504132231404959,0.10480596064431123,0.038643741595831484,0.7484007284745051,False
9,5,Mark Dacascos,0.10743801652892562,0.10323514851409785,0.03758336493444041,0.7547902498976189,False
9,5,Natalie Coughlin,0.09090909090909091,0.055075795127668456,0.012347803252160196,0.9237190742907568,True
9,5,Louie Vito,0.09090909090909091,0.1078563012022542,0.03663181765628136,0.7284379791930455,False
9,5,Michael Irvin,0.08677685950413223,0.1089163911597073,0.037669082495147665,0.7381671714561817,False
9,5,Joanna Krupa,0.09917355371900827,0.10379864078672452,0.03719087258155196,0.7510092355386865,False
9,5,Aaron Carter,0.09917355371900827,0.10744999027047052,0.03778665982008428,0.7297982648831665,False
9,5,Mya,0.1115702479338843,0.1052654572239865,0.04319032756662381,0.6745715891032562,False
9,5,Donny Osmond,0.11983471074380166,0.09752222506643944,0.03524470222243764,0.813938405559471,False
9,5,Kelly Osbourne,0.09917355371900827,0.10607409000434002,0.040289002070268705,0.7531425391191231,False
9,6,Melissa Joan Hart,0.09230762721870961,0.07178209792732246,0.01783088422953486,0.8808680163023075,True
9,6,Mark Dacascos,0.12307734911390078,0.11736648775197644,0.04278365307405457,0.7435397576860592,False
9,6,Louie Vito,0.09230801183542559,0.07253562777559568,0.01560183094757398,0.9142093849509383,True
9,6,Michael Irvin,0.08461490828237482,0.13738307499496508,0.03960804933649073,0.7800365300991037,False
9,6,Joanna Krupa,0.13846163313642237,0.11251957401967218,0.04054723621499999,0.7664324070864543,False
9,6,Aaron Carter,0.12692274704027823,0.1215361802629152,0.05276216544926559,0.6228419183032518,False
9,6,Mya,0.12692351627371018,0.12168862479013533,0.04978645450904582,0.7128523199288139,False
9,6,Donny Osmond,0.11923079733737539,0.11949343904763554,0.04705752928670594,0.671934521993502,False
9,6,Kelly Osbourne,0.09615340976180302,0.12569489342978235,0.03930619606685411,0.7457386823175263,False
9,7,Mark Dacascos,0.1225071225071225,0.09849124087692451,0.022953762540324132,0.8858209449681871,True
9,7,Michael Irvin,0.1339031339031339,0.09374534440098765,0.02108083502098961,0.8651297985020485,True
9,7,Joanna Krupa,0.15669515669515668,0.1520340360207457,0.056162413018105616,0.6257580508209314,False
9,7,Aaron Carter,0.150997150997151,0.16006827714044536,0.053330820441374854,0.6362114517295516,False
9,7,Mya,0.1396011396011396,0.16896169570096067,0.053685096534101466,0.6196952760217174,False
9,7,Donny Osmond,0.14814814814814814,0.16543942097493963,0.06370063016363947,0.543116485135671,False
9,7,Kelly Osbourne,0.14814814814814814,0.1612599848849969,0.053756537030621,0.6326480690713124,False
9,8,Joanna Krupa,0.1984732824427481,0.22441790618253948,0.06677480112845766,0.49364922908347164,False
9,8,Aaron Carter,0.19083969465648856,0.1257773387244525,0.028600841514568667,0.8398944589824561,True
9,8,Mya,0.22519083969465647,0.20704630675086674,0.06744410684869688,0.5709725208930381,False
9,8,Donny Osmond,0.19083969465648856,0.22131172577703687,0.06994775135867373,0.5495652400682142,False
9,8,Kelly Osbourne,0.1946564885496183,0.22144672256510536,0.06298627044342044,0.5949940732792998,False
9,9,Joanna Krupa,0.2531258701201785,0.1552838319546918,0.0361886653444573,0.81487387121933,True
9,9,Mya,0.27187499707030244,0.2668702531330103,0.07581638935335908,0.5279017529682539,False
9,9,Donny Osmond,0.23125016992245911,0.29368576229230353,0.07645684613196503,0.5158238152398079,False
9,9,Kelly Osbourne,0.2437489628870599,0.2841601526199938,0.07238761236979319,0.5383223491800131,False
9,10,Mya,0.3432030932030932,0.33184641403989723,0.11194405648045931,0.3079808318887909,False
9,10,Donny Osmond,0.35127769056340485,0.33391533560470277,0.11614703062396586,0.33723020736201725,False
9,10,Kelly Osbourne,0.305519216233502,0.3342382503553986,0.10928136313842744,0.3997070403688162,False
10,1,Aiden Turner,0.07177033492822966,0.09058712814210498,0.03518769544625784,0.7473451046889007,False
10,1,Shannen Doherty,0.0861244019138756,0.09096875018309754,0.036073086847554836,0.6968712417629335,False
10,1,Niecy Nash,0.0861244019138756,0.08449006146105689,0.03413796493583754,0.7347779416177005,False
10,1,Buzz Aldrin,0.06698564593301436,0.09031681119769712,0.033251430932005596,0.7854705284257607,False
10,1,Chad Ochocinco,0.0861244019138756,0.09473735735647713,0.03937098257460998,0.6944653139537941,False
10,1,Evan Lysacek,0.11004784688995216,0.09616104657961268,0.037218219029969996,0.7533649961635787,False
10,1,Pamela Anderson,0.10047846889952153,0.08842544647263759,0.03453025473508169,0.7576505677756401,False
10,1,Nicole Scherzinger,0.11961722488038277,0.0877820364814527,0.03366712213072362,0.7420668863964852,False
10,1,Erin Andrews,0.10047846889952153,0.0919525907085989,0.03596309154393267,0.774214814748468,False
10,1,Kate Gosselin,0.07655502392344497,0.09348314611486619,0.03628549150116717,0.6855731830381384,False
10,1,Jake Pavelka,0.09569377990430622,0.0910956253023982,0.037055787579655025,0.7687102985212363,False
10,2,Aiden Turner,0.08636363636363636,0.092518780577642,0.033112332447378184,0.7699785222988154,False
10,2,Shannen Doherty,0.09090909090909091,0.04177265162227457,0.009917259984451482,0.938841571598028,True
10,2,Niecy Nash,0.09545454545454546,0.08845969528523039,0.03404693790728833,0.7808043595640481,False
10,2,Buzz Aldrin,0.05454545454545454,0.1130600019726557,0.03024157909705995,0.8141327868971518,False
10,2,Chad Ochocinco,0.07272727272727272,0.10154975418198928,0.032517007267714844,0.7859019424673384,False
10,2,Evan Lysacek,0.10909090909090909,0.08746562249251984,0.032418933127635226,0.8182105354241844,False
10,2,Pamela Anderson,0.1,0.08797182868129595,0.038066214211851905,0.7439526827772726,False
10,2,Nicole Scherzinger,0.12727272727272726,0.09687724684538612,0.04256956304331441,0.7612263141696236,False
10,2,Erin Andrews,0.10454545454545454,0.09239518995600539,0.033810219496927155,0.8090422048631383,False
10,2,Kate Gosselin,0.06818181818181818,0.10702258267385709,0.035264094002163765,0.7949307832892892,False
10,2,Jake Pavelka,0.09090909090909091,0.0909066457111439,0.03800730190804495,0.764679962288036,False
10,3,Aiden Turner,0.09852216748768473,0.10711308889590292,0.03913612349794328,0.763268113543466,False
10,3,Niecy Nash,0.10344827586206896,0.09967521430881453,0.03775242492208223,0.717509085911892,False
10,3,Buzz Aldrin,0.06403940886699508,0.06851452808193151,0.01692706637879801,0.9137046157888818,True
10,3,Chad Ochocinco,0.09852216748768473,0.10402693305027602,0.04058361379433076,0.7553121384080973,False
10,3,Evan Lysacek,0.12807881773399016,0.10011139902228391,0.040343996666387785,0.715446929011522,False
10,3,Pamela Anderson,0.10344827586206896,0.10530446710695722,0.038302413888492634,0.7336648587858399,False
10,3,Nicole Scherzinger,0.11330049261083744,0.1000710909368091,0.03908252386048863,0.7837572015399233,False
10,3,Erin Andrews,0.11330049261083744,0.10426345513899797,0.04200162238586512,0.7519240419716926,False
10,3,Kate Gosselin,0.07389162561576355,0.10889835501586759,0.03509473216130298,0.7680055316052146,False
10,3,Jake Pavelka,0.10344827586206896,0.10202146844215979,0.0387092042835367,0.7625490769911353,False
10,4,Aiden Turner,0.0889487870619946,0.06619791300501203,0.016452858392537333,0.9151958348456146,True
10,4,Niecy Nash,0.09703504043126684,0.12307911538788194,0.04658471866966928,0.6849476717532998,False
10,4,Chad Ochocinco,0.11859838274932614,0.11045441963407099,0.042016375568581066,0.7137874528829098,False
10,4,Evan Lysacek,0.14016172506738545,0.11730235667422259,0.04872536981174974,0.6891791479176843,False
10,4,Pamela Anderson,0.12668463611859837,0.11383358006257062,0.042086472122829816,0.7368332800080148,False
10,4,Nicole Scherzinger,0.1347708894878706,0.11186161476743103,0.04476055343790229,0.6524895040528699,False
10,4,Erin Andrews,0.10512129380053908,0.12004969202801502,0.04678932230992081,0.6954677908862599,False
10,4,Kate Gosselin,0.0862533692722372,0.12186588220465489,0.038745489946438005,0.7462681435118628,False
10,4,Jake Pavelka,0.10242587601078167,0.1153554262361409,0.043682870383694054,0.7108986014884384,False
10,5,Niecy Nash,0.10404624277456648,0.1356549316405278,0.04872806865710396,0.7057211025858654,False
10,5,Chad Ochocinco,0.10404624277456648,0.1356942736842852,0.047468006626389225,0.6763364895097597,False
10,5,Evan Lysacek,0.15606936416184972,0.1343118693716827,0.04770129856856367,0.7223672075642136,False
10,5,Pamela Anderson,0.12138728323699421,0.1263728756813095,0.04876989608642372,0.6545454015899226,False
10,5,Nicole Scherzinger,0.1676300578034682,0.1254212975488958,0.04817571872981177,0.638111615176856,False
10,5,Erin Andrews,0.12716763005780346,0.13015976421787018,0.04739183975680864,0.6758734189622362,False
10,5,Kate Gosselin,0.08670520231213873,0.0826615854456887,0.019559941767343728,0.8916099675303013,True
10,5,Jake Pavelka,0.1329479768786127,0.12972340240974017,0.05003860580816503,0.5624222044989107,False
10,6,Niecy Nash,0.12440137359311731,0.15266680031353494,0.04831365805922978,0.6899158291138031,False
10,6,Chad Ochocinco,0.148325377166335,0.14567098602583786,0.054271734828830846,0.6548106649890482,False
10,6,Evan Lysacek,0.12918703555466454,0.16059728884921426,0.053605947463683364,0.6346960103797452,False
10,6,Pamela Anderson,0.14354019367528983,0.15933469093440406,0.05529056833581649,0.653226410827799,False
10,6,Nicole Scherzinger,0.17224890226905065,0.14364744060625712,0.05390961435406971,0.6702238933731097,False
10,6,Erin Andrews,0.16267997069846646,0.14876537503583295,0.0530037878890805,0.68586882795344,False
10,6,Jake Pavelka,0.11961714704307622,0.08931741823491843,0.019768437295307903,0.8807913237667004,True
10,7,Niecy Nash,0.15755627009646303,0.18524729389026048,0.060074535026753924,0.6452823225209701,False
10,7,Chad Ochocinco,0.16720257234726688,0.17868557826391085,0.06167832316285496,0.579765546212579,False
10,7,Evan Lysacek,0.17363344051446947,0.18089260586245404,0.05931811331238814,0.576130048368786,False
10,7,Pamela Anderson,0.1639871382636656,0.09665128071578587,0.021963423459428557,0.8742893875737612,True
10,7,Nicole Scherzinger,0.17363344051446947,0.1759855539921315,0.060258984697026084,0.6510830557975313,False
10,7,Erin Andrews,0.1639871382636656,0.18253768727545785,0.05603747881223664,0.6696482258197137,False
10,8,Niecy Nash,0.16996047430830039,0.13383644591475252,0.03066188920719176,0.8376542969363612,True
10,8,Chad Ochocinco,0.17786561264822134,0.2201268359129423,0.06322064491766033,0.5669752791725505,False
10,8,Evan Lysacek,0.20948616600790515,0.22444381321009588,0.0740361280146593,0.5212311415532255,False
10,8,Nicole Scherzinger,0.233201581027668,0.20966443362864157,0.06977667147917922,0.5593552524238903,False
10,8,Erin Andrews,0.20948616600790515,0.21192847133356812,0.06817547474925542,0.5465643542508214,False
10,9,Chad Ochocinco,0.23008849557522124,0.17056297934291245,0.03822675654414193,0.8069688159615218,True
10,9,Evan Lysacek,0.2610619469026549,0.2826270119923448,0.08330207487669247,0.4928686706296391,False
10,9,Nicole Scherzinger,0.2610619469026549,0.27270390188125,0.08329118364921544,0.5028403387629767,False
10,9,Erin Andrews,0.24778761061946902,0.27410610678349256,0.07465635660867669,0.5745935979652214,False
10,10,Evan Lysacek,0.325268368450467,0.3350695252614216,0.10816541677224342,0.3933805090931535,False
10,10,Nicole Scherzinger,0.3481193038992962,0.33325892425118214,0.10565685161748996,0.4788429892293864,False
10,10,Erin Andrews,0.32661232765023673,0.3316715504873974,0.10789331459401867,0.39971389974420424,False
11,1,David Hasselhoff,0.06607929515418502,0.047325982995247935,0.011460935321183488,0.930288607689705,True
11,1,Florence Henderson,0.07929515418502203,0.08753567744744657,0.031270036721476754,0.8067300700839293,False
11,1,Kyle Massey,0.1013215859030837,0.08259758677011222,0.03024595548420818,0.7566223017659781,False
11,1,Jennifer Grey,0.10572687224669604,0.08247379491476801,0.035033331358148324,0.7658298600341291,False
11,1,Rick Fox,0.09691629955947137,0.08646444750449597,0.035376537852104595,0.7924616344346141,False
11,1,Kurt Warner,0.08370044052863436,0.0835164735023054,0.03167536008147077,0.8135911440294246,False
11,1,Margaret Cho,0.06607929515418502,0.08958399466017146,0.03153212664758783,0.8054914430783067,False
11,1,Michael Bolton,0.07048458149779736,0.09175196213705326,0.03443311173727661,0.7380685599981545,False
11,1,Brandy,0.1013215859030837,0.08427277579885009,0.03248413638509336,0.7397585364912775,False
11,1,The Situation,0.06607929515418502,0.09153225692498863,0.02962053557299615,0.8161911734661761,False
11,1,Audrina Patridge,0.08370044052863436,0.08380213330068452,0.03210594455966419,0.7834302711504941,False
11,1,Bristol Palin,0.07929515418502203,0.08914291404387634,0.032728042044644606,0.8090328744294992,False
11,2,Florence Henderson,0.08597285067873303,0.09418783557178632,0.03532259231974005,0.7332367122377543,False
11,2,Kyle Massey,0.09954751131221719,0.09009782383139416,0.038360378140664654,0.7627889203049087,False
11,2,Jennifer Grey,0.1085972850678733,0.09454100061147669,0.03756749319911722,0.7682019087083891,False
11,2,Rick Fox,0.09502262443438914,0.09224727150751287,0.03731229175111938,0.7363205510976367,False
11,2,Kurt Warner,0.09502262443438914,0.09240151407523135,0.035037912699048934,0.7346535143096158,False
11,2,Margaret Cho,0.08144796380090498,0.09851206071401,0.03793116293854558,0.7524345351136074,False
11,2,Michael Bolton,0.05429864253393665,0.06488089814997819,0.015092266059982734,0.9133505503484266,True
11,2,Brandy,0.09502262443438914,0.09247198834599676,0.033341845430407316,0.7934925369444447,False
11,2,The Situation,0.08144796380090498,0.10048787216229935,0.04660398112394931,0.609410878418784,False
11,2,Audrina Patridge,0.10407239819004525,0.08769676600503748,0.03426772927355526,0.7623102224074674,False
11,2,Bristol Palin,0.09954751131221719,0.09247496902527635,0.04126107455346608,0.6601445349057271,False
11,3,Florence Henderson,0.09049773755656108,0.10472439316862468,0.034838017143652776,0.7257819982900082,False
11,3,Kyle Massey,0.10407239819004525,0.10540474804470953,0.038935977454856024,0.7424107163158163,False
11,3,Jennifer Grey,0.1085972850678733,0.0963179598638991,0.03868748677766097,0.7304287990274779,False
11,3,Rick Fox,0.1085972850678733,0.10183071789542365,0.039246090912581806,0.7687912642587045,False
11,3,Kurt Warner,0.10407239819004525,0.10493417182451792,0.03933769111648211,0.7784588168329991,False
11,3,Margaret Cho,0.08144796380090498,0.060312478418184344,0.013864608996252378,0.9225215392879498,True
11,3,Brandy,0.1085972850678733,0.10370132661904367,0.04295431572883098,0.6333321719071632,False
11,3,The Situation,0.09049773755656108,0.11092551872947484,0.0419595980269315,0.7552224799285457,False
11,3,Audrina Patridge,0.11764705882352941,0.09709314763679011,0.03737394620079873,0.7344441102733557,False
11,3,Bristol Palin,0.08597285067873303,0.1147555377993322,0.04227544818154285,0.7087359266872897,False
11,4,Florence Henderson,0.09776536312849161,0.11740273942647528,0.04494864478919125,0.7016558313226934,False
11,4,Kyle Massey,0.11173184357541899,0.11366170914220576,0.04222056799328365,0.7083721663768878,False
11,4,Jennifer Grey,0.1564245810055866,0.10970067673911613,0.04272955475047594,0.7140956847662352,False
11,4,Rick Fox,0.10893854748603352,0.11586707825311739,0.04431307901036279,0.7282616781935187,False
11,4,Kurt Warner,0.09497206703910614,0.12237465234824775,0.04339138013451204,0.7375232895487505,False
11,4,Brandy,0.1340782122905028,0.10949194294192975,0.041457909713931866,0.7024992892877067,False
11,4,The Situation,0.0782122905027933,0.07092024201455295,0.01682095985422846,0.905653467220767,True
11,4,Audrina Patridge,0.12849162011173185,0.11336334265398197,0.045770711477311404,0.6488447565647046,False
11,4,Bristol Palin,0.0893854748603352,0.12721761648037333,0.043994501815638874,0.6539617968513858,False
11,5,Florence Henderson,0.11538461538461539,0.06973205366039842,0.015721082462188434,0.9095888159588115,True
11,5,Kyle Massey,0.10989010989010989,0.1404426129290608,0.047120010207410856,0.7092213465404962,False
11,5,Jennifer Grey,0.13736263736263737,0.1251765217776054,0.04624039416597803,0.7563119543592373,False
11,5,Rick Fox,0.13186813186813187,0.12201018568408382,0.040349671297462274,0.7664039936276643,False
11,5,Kurt Warner,0.13186813186813187,0.13473582273051324,0.04601395616847407,0.7514948055858055,False
11,5,Brandy,0.14835164835164835,0.12651773331596106,0.05163464303696281,0.6721110055455788,False
11,5,Audrina Patridge,0.12637362637362637,0.13803454778739163,0.048164879461825905,0.722477973481715,False
11,5,Bristol Palin,0.0989010989010989,0.14335052211498545,0.04508888585281159,0.7224570108481987,False
11,6,Kyle Massey,0.14492754323323798,0.14863333567753526,0.04757454386982637,0.6800298561496194,False
11,6,Jennifer Grey,0.14009709211577046,0.1588510278876056,0.0667166917198519,0.37640903791063585,False
11,6,Rick Fox,0.1449280263266591,0.14766137391117037,0.047880811731488844,0.6925107298549694,False
11,6,Kurt Warner,0.10628006954612891,0.17703907329656238,0.0464151163792162,0.7013844245552965,False
11,6,Brandy,0.17391314849856981,0.14265118462291526,0.057741510392705926,0.6208500755878648,False
11,6,Audrina Patridge,0.1545889285615942,0.06964515702301172,0.01718660304365156,0.9052492256374304,True
11,6,Bristol Palin,0.13526519171803963,0.15551884758120044,0.046435689272618985,0.695036239053303,False
11,7,Kyle Massey,0.1606714628297362,0.1805286132183854,0.05774909679174962,0.596370724471833,False
11,7,Jennifer Grey,0.1750599520383693,0.17859418601371085,0.05544792030504747,0.6190038155764894,False
11,7,Rick Fox,0.16546762589928057,0.09496603845849004,0.021546151883885926,0.8739477011943592,True
11,7,Kurt Warner,0.16786570743405277,0.1799762121580488,0.058127165312917735,0.641458130323513,False
11,7,Brandy,0.1750599520383693,0.18545975021273992,0.06387731790741409,0.5727927486431614,False
11,7,Bristol Palin,0.15587529976019185,0.18047519993862537,0.05255321251350174,0.6864474611189159,False
11,8,Kyle Massey,0.21132075471698114,0.2093208364983693,0.07332177643115868,0.5079588597917308,False
11,8,Jennifer Grey,0.21509433962264152,0.2081011789060189,0.07258559074113168,0.5403184387774471,False
11,8,Kurt Warner,0.1811320754716981,0.1264222112910369,0.029647899338014077,0.8595293351620296,True
11,8,Brandy,0.21509433962264152,0.22287475274363536,0.07749265639038747,0.5871689778333363,False
11,8,Bristol Palin,0.17735849056603772,0.23328102056094002,0.07052858514439021,0.5182098878863399,False
11,9,Kyle Massey,0.2543859649122807,0.26891308451930584,0.07516790137155223,0.5066552837478264,False
11,9,Jennifer Grey,0.2631578947368421,0.275975347791626,0.08440784962090804,0.4310682749856988,False
11,9,Brandy,0.25,0.16038671366746832,0.035990663978691086,0.8044027043140728,True
11,9,Bristol Palin,0.2324561403508772,0.2947248540215998,0.07888255567810297,0.476776141769949,False
11,10,Kyle Massey,0.3293164561842318,0.3300353610865002,0.10814788104630436,0.40814480137853326,False
11,10,Jennifer Grey,0.36144665408832305,0.34271874774035904,0.10750842311720887,0.4383632061976086,False
11,10,Bristol Palin,0.3092368897274451,0.32724589117314123,0.09996112764002128,0.4050662495639139,False
12,1,Ralph Macchio,0.11594202898550725,0.09256334911673997,0.03912280865974804,0.6826963469306493,False
12,1,Chelsea Kane,0.10144927536231885,0.09222794910429853,0.03702553920839969,0.7465230454066181,False
12,1,Kirstie Alley,0.1111111111111111,0.09174688797796814,0.03883738335952286,0.7489375506446834,False
12,1,Hines Ward,0.10144927536231885,0.09099731807786375,0.037665724222992816,0.7487224007217366,False
12,1,Sugar Ray Leonard,0.0821256038647343,0.08751135235770943,0.03786548428558067,0.6833715066634602,False
12,1,Chris Jericho,0.09178743961352658,0.09273141375161495,0.03510451170116641,0.770954117519969,False
12,1,Petra Nemcova,0.08695652173913043,0.0894138098692801,0.03420881795012687,0.8001872949535784,False
12,1,Mike Catherwood,0.06280193236714976,0.09276098537098493,0.038236643351989494,0.765011240881455,False
12,1,Romeo,0.09178743961352658,0.08940612822203098,0.03511825566360631,0.7629481519204919,False
12,1,Wendy Williams,0.06763285024154589,0.08959872978418894,0.036239487883091386,0.7442378642561548,False
12,1,Kendra Wilkinson,0.08695652173913043,0.09104207636732004,0.036908973360682086,0.7374578523251027,False
12,2,Ralph Macchio,0.09722222222222222,0.09207299471087588,0.03667559290244351,0.7359552646487098,False
12,2,Chelsea Kane,0.08333333333333333,0.1001025574924059,0.039445679654621764,0.7321706471485674,False
12,2,Kirstie Alley,0.09259259259259259,0.08752607770323984,0.033318335246921765,0.7626478972813154,False
12,2,Hines Ward,0.10648148148148148,0.09592574194803109,0.03836888792805264,0.7523625512877554,False
12,2,Sugar Ray Leonard,0.0787037037037037,0.09926474523575934,0.03322170716859715,0.7652186823208593,False
12,2,Chris Jericho,0.10648148148148148,0.09010431979932844,0.03690108984602916,0.708167165845422,False
12,2,Petra Nemcova,0.08333333333333333,0.097599426469642,0.034237591216423065,0.7812200514766636,False
12,2,Mike Catherwood,0.0787037037037037,0.05000640916102825,0.010777401791043485,0.9249677054501821,True
12,2,Romeo,0.10648148148148148,0.09521092727110515,0.03634042942571191,0.7410334439939139,False
12,2,Wendy Williams,0.0787037037037037,0.0964448807840821,0.033624096408471665,0.80733022884917,False
12,2,Kendra Wilkinson,0.08796296296296297,0.09574191942450232,0.038466088929593516,0.7165187671534958,False
12,3,Ralph Macchio,0.09813084112149532,0.10283918215836739,0.04000870047279844,0.6824026983942147,False
12,3,Chelsea Kane,0.10747663551401869,0.1017540801744616,0.04176747216682155,0.6841299480284997,False
12,3,Kirstie Alley,0.09813084112149532,0.10682283001730779,0.04279449588317595,0.72836304243093,False
12,3,Hines Ward,0.11682242990654206,0.10628203309908521,0.04155419259296609,0.7274880079316706,False
12,3,Sugar Ray Leonard,0.09345794392523364,0.1012419081640361,0.03618063375705258,0.7632586733400105,False
12,3,Chris Jericho,0.09813084112149532,0.1039652960136467,0.03928666298078534,0.7728979380277009,False
12,3,Petra Nemcova,0.11682242990654206,0.10055844537228262,0.04111802847024045,0.7290175092133484,False
12,3,Romeo,0.09345794392523364,0.10860767247290783,0.0431472630261929,0.7064245806075382,False
12,3,Wendy Williams,0.07009345794392523,0.06465701752813724,0.015134502482929262,0.9195197887706045,True
12,3,Kendra Wilkinson,0.10747663551401869,0.10327153499976717,0.03940260268497181,0.7502975019285776,False
12,4,Ralph Macchio,0.12135922330097088,0.11699750374380992,0.04353819212366222,0.7277289740166972,False
12,4,Chelsea Kane,0.1262135922330097,0.1117391295944818,0.04665568521903561,0.6983825508382815,False
12,4,Kirstie Alley,0.10679611650485436,0.12354397983980481,0.04627518345282678,0.7040798801134287,False
12,4,Hines Ward,0.12135922330097088,0.11084200850043564,0.03815399329748685,0.7338333630764802,False
12,4,Sugar Ray Leonard,0.10194174757281553,0.061545402456552364,0.01396645509853566,0.9237099091218572,True
12,4,Chris Jericho,0.11165048543689321,0.12116336049939985,0.04527006150863694,0.7057486570082869,False
12,4,Petra Nemcova,0.11165048543689321,0.11155690480954035,0.03979706952116254,0.745256829081108,False
12,4,Romeo,0.11165048543689321,0.11888118711537927,0.04150950605719948,0.6382772773798723,False
12,4,Kendra Wilkinson,0.08737864077669903,0.12373052344059553,0.03788494726315931,0.7700993921405459,False
12,5,Ralph Macchio,0.1134020618556701,0.1373848631359658,0.047386687408646544,0.6979057851485554,False
12,5,Chelsea Kane,0.13402061855670103,0.12342332546610833,0.04581297069574926,0.6869242492936045,False
12,5,Kirstie Alley,0.11855670103092783,0.1379488310334809,0.05567938810781321,0.5269429318659423,False
12,5,Hines Ward,0.13917525773195877,0.13121836129562905,0.05164428392894224,0.6119378520912044,False
12,5,Chris Jericho,0.13402061855670103,0.12975518639021755,0.04759477077289312,0.6850083100669153,False
12,5,Petra Nemcova,0.1134020618556701,0.07144297289892682,0.016909591741254622,0.8997118621512535,True
12,5,Romeo,0.13402061855670103,0.13009726900228344,0.04937433800252374,0.6574163884958797,False
12,5,Kendra Wilkinson,0.1134020618556701,0.1387291907773876,0.05191315437177729,0.5467417078004555,False
12,6,Ralph Macchio,0.13333333333333333,0.15212464466367492,0.049593105208313865,0.61879205748529,False
12,6,Chelsea Kane,0.15555555555555556,0.15135225104224165,0.05779502728657374,0.6540741354939585,False
12,6,Kirstie Alley,0.14444444444444443,0.15388607977142899,0.05565191139383052,0.6551306429669659,False
12,6,Hines Ward,0.15,0.14946830285025947,0.05043134648913561,0.6446401200185152,False
12,6,Chris Jericho,0.12222222222222222,0.08810639162087133,0.02042524697646351,0.8752295867924551,True
12,6,Romeo,0.15555555555555556,0.15389707937955688,0.05889146439280596,0.6204555336502182,False
12,6,Kendra Wilkinson,0.1388888888888889,0.15116525067196637,0.05728327085706553,0.6391819088809465,False
12,7,Ralph Macchio,0.17506631299734748,0.18347169864984156,0.0659887417762853,0.5579183768723981,False
12,7,Chelsea Kane,0.16976127320954906,0.1774899698767616,0.056692862532397026,0.5744852151344999,False
12,7,Kirstie Alley,0.15915119363395225,0.18213366660890715,0.05485190197137621,0.6715232999681967,False
12,7,Hines Ward,0.17506631299734748,0.1800757040293814,0.06385183872119851,0.5523400309398883,False
12,7,Romeo,0.15915119363395225,0.17989870362579896,0.060686386408313926,0.5887128316815713,False
12,7,Kendra Wilkinson,0.16180371352785147,0.09693025720930931,0.021998621279781107,0.8822753982973089,True
12,8,Ralph Macchio,0.17692307692307693,0.22995553714746383,0.06044045069363227,0.5585228562290712,False
12,8,Chelsea Kane,0.21153846153846154,0.2195741069513271,0.06732352395469288,0.5895305248075484,False
12,8,Kirstie Alley,0.20384615384615384,0.21610052419243697,0.06703249089822645,0.5729035625894232,False
12,8,Hines Ward,0.2076923076923077,0.21640725707951017,0.06491282940782298,0.5309297361116028,False
12,8,Romeo,0.2,0.11796257462926188,0.026482856056991584,0.851820333518386,True
12,9,Ralph Macchio,0.20425531914893616,0.17478250918677055,0.04321586522921648,0.7867173409286692,True
12,9,Chelsea Kane,0.31063829787234043,0.2677429083611787,0.08725078774496205,0.534560705959572,False
12,9,Kirstie Alley,0.2297872340425532,0.2746428430114996,0.07657194356103127,0.43286268699060493,False
12,9,Hines Ward,0.2553191489361702,0.2828317394405505,0.0878246319248382,0.42796732643471125,False
12,10,Chelsea Kane,0.33969480071129965,0.3377626732735378,0.10948396591647365,0.3358160357421124,False
12,10,Kirstie Alley,0.32061039857740076,0.33213955357436376,0.11093339192238971,0.39059223859481096,False
12,10,Hines Ward,0.33969480071129965,0.330097773152099,0.10829198597698876,0.3496978887589457,False
13,1,Elisabetta Canalis,0.06912442396313365,0.0969133974668674,0.03794210382191745,0.7332285080826242,False
13,1,David Arquette,0.08294930875576037,0.08455801814782175,0.03461420961052537,0.7634282958961136,False
13,1,Ricki Lake,0.09216589861751152,0.0851564736262099,0.0327738713230677,0.7405366085857089,False
13,1,J.R. Martinez,0.10138248847926268,0.08318953345378448,0.035212162532135674,0.760649837700405,False
13,1,Metta World Peace (Ron),0.06451612903225806,0.047943965061304834,0.011308650973497822,0.9385239689399452,True
13,1,Hope Solo,0.0967741935483871,0.08964286256294393,0.03721472364505237,0.7946508690868093,False
13,1,Chynna Phillips,0.10138248847926268,0.08784876983727827,0.036919989683411814,0.7512213488345799,False
13,1,Kristin Cavallari,0.08755760368663594,0.08167464472389466,0.036811101659527196,0.5889810539821608,False
13,1,Carson Kressley,0.07834101382488479,0.08715489298185836,0.033416610783698356,0.7754143106848345,False
13,1,Chaz Bono,0.07834101382488479,0.08218587065231467,0.03415943359395174,0.7758173583136077,False
13,1,Nancy Grace,0.07373271889400922,0.08529837772240605,0.03268466004615637,0.7490098015315712,False
13,1,Rob Kardashian,0.07373271889400922,0.08843319376331583,0.035232533942825085,0.7645228209305117,False
13,2,Elisabetta Canalis,0.09417040358744394,0.04285986992807365,0.010003430758530175,0.9388801855916694,True
13,2,David Arquette,0.08071748878923767,0.10186423713601828,0.03485836963918992,0.7930846138196123,False
13,2,Ricki Lake,0.1031390134529148,0.10057384151727204,0.03986241174788788,0.7261160330482215,False
13,2,J.R. Martinez,0.09865470852017937,0.09066015618672303,0.03180868722353974,0.8011723596675002,False
13,2,Hope Solo,0.08520179372197309,0.09846524452007607,0.03375502857032318,0.7785182079169877,False
13,2,Chynna Phillips,0.09417040358744394,0.09232852094303767,0.031017103266836384,0.7553966804121979,False
13,2,Kristin Cavallari,0.09865470852017937,0.09347098116072453,0.03365081408283321,0.7898073291207687,False
13,2,Carson Kressley,0.08071748878923767,0.09272137470850235,0.027093839845717796,0.8082832906171505,False
13,2,Chaz Bono,0.07623318385650224,0.10230446091620096,0.03266059533789136,0.8130077185833089,False
13,2,Nancy Grace,0.09417040358744394,0.09159769936891037,0.031486731517770906,0.8044345757047449,False
13,2,Rob Kardashian,0.09417040358744394,0.09315361361446177,0.033808188034851624,0.7636855159558626,False
13,3,David Arquette,0.10126582278481013,0.10387322827418963,0.034722969229929755,0.7560528250648295,False
13,3,Ricki Lake,0.11392405063291139,0.09718405824959382,0.038936185940903464,0.6759450526900916,False
13,3,J.R. Martinez,0.10970464135021098,0.10279672775594018,0.03923352079715127,0.7641872123798281,False
13,3,Hope Solo,0.10126582278481013,0.10162498903775592,0.03593280570829336,0.7069938768274899,False
13,3,Chynna Phillips,0.10970464135021098,0.10686679819466718,0.03879782361122277,0.7380272464201886,False
13,3,Kristin Cavallari,0.10126582278481013,0.04930142452921361,0.010802091202907113,0.9305492760339732,True
13,3,Carson Kressley,0.0970464135021097,0.10785955490551792,0.039316545963254,0.7665826367834183,False
13,3,Chaz Bono,0.0759493670886076,0.11503783765361514,0.0308029169625369,0.8218753085040216,False
13,3,Nancy Grace,0.08860759493670886,0.11219148059775587,0.039361201417495176,0.7682768820030074,False
13,3,Rob Kardashian,0.10126582278481013,0.10326390080175066,0.03675457049483919,0.7770741883176706,False
13,4,David Arquette,0.11004784688995216,0.11537760167163459,0.03998112125189199,0.7421931640634527,False
13,4,Ricki Lake,0.13875598086124402,0.11181662540024215,0.04413551684094698,0.7351322176681063,False
13,4,J.R. Martinez,0.12440191387559808,0.11118073537053463,0.046023446674093436,0.7128157456082882,False
13,4,Hope Solo,0.11483253588516747,0.11913715025070329,0.04678562106511871,0.6802229805257184,False
13,4,Chynna Phillips,0.10047846889952153,0.06160747655894691,0.014327819493408531,0.9278579498449895,True
13,4,Carson Kressley,0.09569377990430622,0.1290974391091246,0.04724307664355438,0.6228430611113293,False
13,4,Chaz Bono,0.10047846889952153,0.11824363654468913,0.0407340823102959,0.713127631250448,False
13,4,Nancy Grace,0.10047846889952153,0.12316315333276698,0.04362401151463462,0.7486231428777189,False
13,4,Rob Kardashian,0.11483253588516747,0.11037618176135777,0.038562108870541074,0.7596087974699407,False
13,5,David Arquette,0.13297872340425532,0.1306655467937766,0.046934639718848946,0.6834058032351481,False
13,5,Ricki Lake,0.1276595744680851,0.13434893065389364,0.050928615803087884,0.5679652504843021,False
13,5,J.R. Martinez,0.14893617021276595,0.13042306587093586,0.053451992957001995,0.7044670197374876,False
13,5,Hope Solo,0.1276595744680851,0.12406468725268285,0.04278693775860341,0.7295161648590729,False
13,5,Carson Kressley,0.10106382978723404,0.0777949400273395,0.018790665108786766,0.8958751579287358,True
13,5,Chaz Bono,0.11170212765957446,0.1318136678122993,0.043552751277924996,0.7754588077825687,False
13,5,Nancy Grace,0.11702127659574468,0.13862816354980778,0.05195215881040738,0.5893005969873972,False
13,5,Rob Kardashian,0.13297872340425532,0.13226099803926478,0.05465556039372543,0.5275519624179639,False
13,6,David Arquette,0.13855421686746988,0.15494735146684369,0.058269624691167005,0.580323034789161,False
13,6,Ricki Lake,0.1746987951807229,0.14081909296589082,0.050870476271915,0.5725243124531214,False
13,6,J.R. Martinez,0.1746987951807229,0.14634561897151932,0.054215168449609406,0.7076510211122216,False
13,6,Hope Solo,0.12048192771084337,0.16058502019868065,0.05807671706271865,0.6233733356526945,False
13,6,Chaz Bono,0.1144578313253012,0.08897743659887851,0.022520317411771094,0.8784563516446758,True
13,6,Nancy Grace,0.14457831325301204,0.15186696409138764,0.05275801237416343,0.6403602817214646,False
13,6,Rob Kardashian,0.13253012048192772,0.1564585157067991,0.055837581784691025,0.6330255829460101,False
13,7,David Arquette,0.16040955631399317,0.09906804842858034,0.021567594027169998,0.8667557491038123,True
13,7,Ricki Lake,0.18088737201365188,0.18036342121326135,0.0594682561047068,0.6532022995534994,False
13,7,J.R. Martinez,0.16382252559726962,0.18430227928599985,0.05884750217882607,0.5259936948225368,False
13,7,Hope Solo,0.17064846416382254,0.17351662595464712,0.054198200612980016,0.4936065784587109,False
13,7,Nancy Grace,0.15017064846416384,0.1902412085369474,0.055492147530330896,0.6354518287461532,False
13,7,Rob Kardashian,0.17406143344709898,0.1725084165805645,0.057103825166489326,0.6522252519378898,False
13,8,Ricki Lake,0.20077220077220076,0.21451541960716247,0.06771164885923413,0.5986214723470261,False
13,8,J.R. Martinez,0.23166023166023167,0.20579163370307987,0.07194568001683674,0.5442949334780052,False
13,8,Hope Solo,0.20077220077220076,0.22306018690363463,0.07550156008340013,0.5466270495054271,False
13,8,Nancy Grace,0.16988416988416988,0.1336921246017271,0.032990706318040755,0.8277073772125709,True
13,8,Rob Kardashian,0.1969111969111969,0.2229406351843962,0.07099901593379704,0.6014373928190646,False
13,9,Ricki Lake,0.28270077088932866,0.2637756693590408,0.07724690832147955,0.5209616259549066,False
13,9,J.R. Martinez,0.23628791682665332,0.28244851935525195,0.08079914389897526,0.4555254214771658,False
13,9,Hope Solo,0.20675023945248716,0.17990645301714775,0.04267921480761343,0.7716966442124333,True
13,9,Rob Kardashian,0.27426107283153095,0.2738693582685588,0.08393484740519076,0.5002515761109461,False
13,10,Ricki Lake,0.3313613318879616,0.3231160612713137,0.10148222306547104,0.41121786905028956,False
13,10,J.R. Martinez,0.3333329388541484,0.3478249521255691,0.1075342128756921,0.39608489052055973,False
13,10,Rob Kardashian,0.33530572925789,0.3290589866031183,0.10481745239220784,0.39611725987575286,False
14,1,William Levy,0.08888888888888889,0.08383737660061896,0.032787153579343455,0.69266632674395,False
14,1,Jack Wagner,0.08518518518518518,0.08356365353136609,0.033349828166768306,0.7732269933807883,False
14,1,Sherri Sheperd,0.08518518518518518,0.08288500467737957,0.033764013869155465,0.7906268439959236,False
14,1,Jaleel White,0.0962962962962963,0.08395449053919454,0.03320547048481428,0.6861254769939864,False
14,1,Roshon Fegan,0.08518518518518518,0.07991623522545935,0.033086801066984056,0.6967218287549666,False
14,1,Melissa Gilbert,0.07407407407407407,0.08758742049438353,0.035188494402338684,0.7080599234325755,False
14,1,Martina Navratilova,0.07407407407407407,0.08181790373302696,0.03445072237336831,0.7664563031104694,False
14,1,Donald Driver,0.07777777777777778,0.08293868243505668,0.0346212357563998,0.7431591340467498,False
14,1,Gavin DeGraw,0.07407407407407407,0.08597958519450852,0.035632456521207716,0.7726434250006831,False
14,1,Gladys Knight,0.08518518518518518,0.08437528179530374,0.03441113809808897,0.6931837646994068,False
14,1,Katherine Jenkins,0.0962962962962963,0.08007601224038728,0.03404270570170998,0.7269663258185959,False
14,1,Maria Menounos,0.07777777777777778,0.08306835353331513,0.036281672050288066,0.7582655376989346,False
14,2,William Levy,0.09293680297397769,0.08280130095954062,0.031246311082814754,0.8067071679752458,False
14,2,Jack Wagner,0.07806691449814127,0.08796838641336996,0.032464903463845715,0.6530589135564188,False
14,2,Sherri Sheperd,0.08550185873605948,0.08207234407895471,0.03014590159158821,0.8279300542343363,False
14,2,Jaleel White,0.08178438661710037,0.08939255265721041,0.03426726345155005,0.8016837444847383,False
14,2,Roshon Fegan,0.09665427509293681,0.08158911194244142,0.030600682126953972,0.7543055748898557,False
14,2,Melissa Gilbert,0.07434944237918216,0.08793456257791989,0.0314831627040703,0.7958884567636373,False
14,2,Martina Navratilova,0.06319702602230483,0.05131060655523089,0.011981455225713842,0.9413611533391006,True
14,2,Donald Driver,0.08921933085501858,0.08682787339281325,0.03236746780894219,0.8020980615165175,False
14,2,Gavin DeGraw,0.07806691449814127,0.0850807688277197,0.03434014616506394,0.7514759982755105,False
14,2,Gladys Knight,0.07063197026022305,0.08945898494989538,0.033091469194677266,0.7617664400641566,False
14,2,Katherine Jenkins,0.09665427509293681,0.08648249231920253,0.03814887153922061,0.7628115459630982,False
14,2,Maria Menounos,0.09293680297397769,0.08908101532570105,0.03555908161739803,0.7571052758566071,False
14,3,William Levy,0.1,0.09184177313972482,0.03624073378949609,0.764030962438572,False
14,3,Jack Wagner,0.08571428571428572,0.047439170854530234,0.010643195049522413,0.9349385408342104,True
14,3,Sherri Sheperd,0.08571428571428572,0.09944185271463775,0.03489868019789714,0.7751404352804603,False
14,3,Jaleel White,0.08928571428571429,0.09131717720828832,0.03308744383773834,0.7991876301441996,False
14,3,Roshon Fegan,0.08928571428571429,0.09249178809031418,0.03098974905992211,0.8027748776454248,False
14,3,Melissa Gilbert,0.08571428571428572,0.10214570868180906,0.037683754853143084,0.7436636931447205,False
14,3,Donald Driver,0.09285714285714286,0.09445724663186633,0.03537645308537484,0.7475673406315064,False
14,3,Gavin DeGraw,0.08571428571428572,0.09273315573393295,0.03140034624929326,0.7436303101817966,False
14,3,Gladys Knight,0.08571428571428572,0.10116594002307168,0.034103831087323816,0.8190404615070949,False
14,3,Katherine Jenkins,0.10357142857142858,0.09204109249412931,0.03652516131722129,0.7321283128041156,False
14,3,Maria Menounos,0.09642857142857143,0.09492509442769605,0.036928778111324105,0.7809219398262591,False
14,4,William Levy,0.0944206008583691,0.10546732548916,0.03752715898868641,0.7618614735803828,False
14,4,Sherri Sheperd,0.09012875536480687,0.055178078683932305,0.012191463813354328,0.9285202397866326,True
14,4,Jaleel White,0.0944206008583691,0.11039387206292557,0.041038588883426326,0.7241803046098815,False
14,4,Roshon Fegan,0.11158798283261803,0.10247222496796114,0.038181046718233407,0.7217515050593484,False
14,4,Melissa Gilbert,0.0944206008583691,0.10722870376466079,0.03698528169285117,0.7801600011384429,False
14,4,Donald Driver,0.11587982832618025,0.10213932225444358,0.038770258095923237,0.7737806996801326,False
14,4,Gavin DeGraw,0.09871244635193133,0.09624666414537127,0.03585907255692342,0.7940666372921799,False
14,4,Gladys Knight,0.08583690987124463,0.11293084839125812,0.04104948117876861,0.7142632511047506,False
14,4,Katherine Jenkins,0.10300429184549356,0.10247713201300648,0.034919688580986166,0.7729796990257123,False
14,4,Maria Menounos,0.11158798283261803,0.10546582822728091,0.04078882836900965,0.7299156437446317,False
14,5,William Levy,0.12946428571428573,0.11733160467145679,0.04732827465274674,0.7073556745959688,False
14,5,Jaleel White,0.10714285714285714,0.11118371552193626,0.040101290828289934,0.7346683615030154,False
14,5,Roshon Fegan,0.11607142857142858,0.11592432274933372,0.04537495598003159,0.6977756602656828,False
14,5,Melissa Gilbert,0.09375,0.12462150494974497,0.04382594237184417,0.6885330007938419,False
14,5,Donald Driver,0.12053571428571429,0.11600488761901719,0.04261592034955151,0.6783806284189914,False
14,5,Gavin DeGraw,0.08482142857142858,0.06970953471773193,0.016553938721033928,0.898361946478642,True
14,5,Gladys Knight,0.09821428571428571,0.12160461746735048,0.044754879766507244,0.6360374273972602,False
14,5,Katherine Jenkins,0.12946428571428573,0.10879390242881545,0.04117225947628974,0.7211119011143465,False
14,5,Maria Menounos,0.12053571428571429,0.11482590987461286,0.04230303181650087,0.7276590464921024,False
14,6,William Levy,0.13953526230497526,0.12542780793890929,0.04584981338333595,0.7252842255352889,False
14,6,Jaleel White,0.1434104666175451,0.12972413079633155,0.044689046468095885,0.725235217026196,False
14,6,Roshon Fegan,0.1085266510413013,0.1352059162791311,0.0461054898385084,0.6954291348403243,False
14,6,Melissa Gilbert,0.11627938525414606,0.13632743745858703,0.04657041208548405,0.7026448722393871,False
14,6,Donald Driver,0.13178291569008135,0.13340604868292288,0.05112498797704459,0.6788274566096523,False
14,6,Gladys Knight,0.09302350820331685,0.0822534865654971,0.020864953118427607,0.8761192957850886,True
14,6,Katherine Jenkins,0.15116281323243902,0.12777850992693604,0.0517321420194996,0.5709114683288022,False
14,6,Maria Menounos,0.1162789976561952,0.12987666235168502,0.046770091917782544,0.7072710999826733,False
14,7,William Levy,0.1444141689373297,0.15727914784848696,0.05436443445031033,0.6030320439316974,False
14,7,Jaleel White,0.13896457765667575,0.07988263558712982,0.01755279727273481,0.8851097119474393,True
14,7,Roshon Fegan,0.14168937329700274,0.15699348983319023,0.05123203130745088,0.7021365446802387,False
14,7,Melissa Gilbert,0.12806539509536785,0.1588616493607821,0.047663408636167554,0.6553802885443019,False
14,7,Donald Driver,0.1444141689373297,0.15131027497408212,0.04789253940417106,0.6323458348633355,False
14,7,Katherine Jenkins,0.14713896457765668,0.15222865413345435,0.056169331943570246,0.654638180194001,False
14,7,Maria Menounos,0.1553133514986376,0.14344414826287513,0.04818428285369503,0.7045895467482961,False
14,8,William Levy,0.1743119266055046,0.18745429127078753,0.05231606488705242,0.648147498055237,False
14,8,Roshon Fegan,0.1712538226299694,0.10664713912680442,0.023348315638911033,0.8785666548115654,True
14,8,Melissa Gilbert,0.1559633027522936,0.11617483349782208,0.02590808864115775,0.8708382170062603,True
14,8,Donald Driver,0.16819571865443425,0.19207842794374264,0.052943282641323836,0.6272801236132298,False
14,8,Katherine Jenkins,0.16819571865443425,0.20326932424543723,0.05620635125464827,0.6230252105188387,False
14,8,Maria Menounos,0.1620795107033639,0.19437598391540584,0.05200116468155625,0.6568699586573427,False
14,9,William Levy,0.25217391304347825,0.2820060847163211,0.08105000644424118,0.49647692986418135,False
14,9,Donald Driver,0.24782608695652175,0.2858786443681247,0.08392873999043432,0.5192940378563511,False
14,9,Katherine Jenkins,0.24347826086956523,0.2824425248761041,0.0846615611254552,0.5290962121048324,False
14,9,Maria Menounos,0.2565217391304348,0.14967274603945013,0.03470540761095162,0.8277935548460512,True
14,10,William Levy,0.33208930162582334,0.33836605220849625,0.10705778738386895,0.4022138929700426,False
14,10,Donald Driver,0.33208930162582334,0.32429845427346765,0.1072883419052229,0.3591887920609381,False
14,10,Katherine Jenkins,0.3358213967483533,0.3373354935180363,0.10958135149298805,0.34138107441854426,False
15,1,Gilles Marini,0.0867992766726944,0.07810047736915833,0.030543839525298187,0.7375011907716897,False
15,1,Sabrina Bryan,0.081374321880651,0.07770607904347868,0.030755795095724483,0.7971352052590551,False
15,1,Kirstie Alley,0.06871609403254973,0.082701287554041,0.028564920978247886,0.8074450891616873,False
15,1,Kelly Monaco,0.07775768535262206,0.08052071747511041,0.035562316633165024,0.7238583784345972,False
15,1,Apolo Anton Ohno,0.07956600361663653,0.08097668560140232,0.03106810702603079,0.7914883524028582,False
15,1,Emmitt Smith,0.08860759493670886,0.07886392685773934,0.030497323084664976,0.7940635710574431,False
15,1,Shawn Johnson,0.07956600361663653,0.08443033890862081,0.03311179303008924,0.7574387911903775,False
15,1,Pamela Anderson,0.06148282097649186,0.04505728615738843,0.009729920037621475,0.9398555983712108,True
15,1,Helio Castroneves,0.07775768535262206,0.07679521407534122,0.02860630612741774,0.792187410934896,False
15,1,Joey Fatone,0.07414104882459313,0.07765884092784925,0.02823577844723216,0.8033995779202716,False
15,1,Drew Lachey,0.07775768535262206,0.07874933405140108,0.0288090332814942,0.8394004085556976,False
15,1,Bristol Palin,0.0705244122965642,0.08070435577815252,0.03238764683868378,0.6996890891324625,False
15,1,Melissa Rycroft,0.0759493670886076,0.07773545620031627,0.02762999355168146,0.7979135667430429,False
15,2,Gilles Marini,0.09239130434782608,0.08688179657005675,0.03353508795202921,0.8081678130161073,False
15,2,Sabrina Bryan,0.09420289855072464,0.08583109332729369,0.03486721678137365,0.7363341735853667,False
15,2,Kirstie Alley,0.07608695652173914,0.09124891165885939,0.03180457465924427,0.8091696009074851,False
15,2,Kelly Monaco,0.07971014492753623,0.09423586194560103,0.036339266509875796,0.808419617209454,False
15,2,Apolo Anton Ohno,0.08876811594202899,0.08225831609292421,0.02917114730865697,0.7985462742044036,False
15,2,Emmitt Smith,0.08152173913043478,0.09002271674408122,0.03398751324653864,0.7995631601264492,False
15,2,Shawn Johnson,0.09057971014492754,0.08140127425627564,0.03282342443580111,0.78254377503538,False
15,2,Helio Castroneves,0.08333333333333333,0.08466131796826433,0.02765230966407344,0.810393331412954,False
15,2,Joey Fatone,0.08152173913043478,0.04097198339182256,0.008594119530602238,0.946393663902179,True
15,2,Drew Lachey,0.08152173913043478,0.08751832389739453,0.028806872860782106,0.8174340371898438,False
15,2,Bristol Palin,0.06521739130434782,0.09203030388650449,0.02739649972212285,0.836485326565418,False
15,2,Melissa Rycroft,0.08514492753623189,0.08293810026092258,0.031457155299382866,0.8077357312955602,False
15,3,Gilles Marini,0.09172661870503597,0.09393119577959297,0.029273882567933906,0.832924556818745,False
15,3,Sabrina Bryan,0.09172661870503597,0.09837496711273357,0.03447832907190533,0.752870192976928,False
15,3,Kirstie Alley,0.08633093525179857,0.10018380450992703,0.036354554697217704,0.7855386420454855,False
15,3,Kelly Monaco,0.09712230215827339,0.1051136110036275,0.03758432895496868,0.7933090363667568,False
15,3,Apolo Anton Ohno,0.09172661870503597,0.09720611708006455,0.03413421009951378,0.7800634854365311,False
15,3,Emmitt Smith,0.08992805755395683,0.10205936559647273,0.0337160331372388,0.7594593604963191,False
15,3,Shawn Johnson,0.09532374100719425,0.09952795702961105,0.03436410127624628,0.8137577130444407,False
15,3,Helio Castroneves,0.09172661870503597,0.049156345840362756,0.0099265962572682,0.9387535717334543,True
15,3,Drew Lachey,0.08633093525179857,0.051481130522030204,0.011429558029879829,0.9428526147929361,True
15,3,Bristol Palin,0.08093525179856115,0.11403026463319713,0.03611964713770006,0.7882895350505843,False
15,3,Melissa Rycroft,0.09712230215827339,0.08893524089238071,0.030502622810910814,0.7606536605864178,False
15,4,Gilles Marini,0.12286158631415241,0.11994230809524625,0.04555999104895011,0.7418784534542255,False
15,4,Sabrina Bryan,0.1104199066874028,0.11737920321575133,0.03993325807164111,0.7477505167398715,False
15,4,Kirstie Alley,0.09331259720062209,0.12694504833464945,0.04716751072645671,0.7201902620245332,False
15,4,Kelly Monaco,0.1166407465007776,0.11313880373186701,0.039851511399920304,0.7205737106021284,False
15,4,Apolo Anton Ohno,0.10730948678071539,0.1196782315615408,0.043203453804726726,0.7528256586446495,False
15,4,Emmitt Smith,0.1119751166407465,0.11539798031134677,0.044900727097060056,0.7262772383324839,False
15,4,Shawn Johnson,0.12286158631415241,0.11128756007006547,0.04080080776876057,0.7412948366653669,False
15,4,Bristol Palin,0.09953343701399689,0.061886346390814646,0.014589830107754118,0.9146163939841159,True
15,4,Melissa Rycroft,0.1150855365474339,0.11434451828871757,0.04213779048915349,0.6964571095499823,False
15,5,Gilles Marini,0.12710911136107986,0.1291677451185722,0.04739835305528971,0.6998989423776584,False
15,5,Sabrina Bryan,0.13160854893138357,0.12579518244804214,0.049785663951654444,0.7037612114464988,False
15,5,Kirstie Alley,0.11811023622047244,0.122640702480457,0.04667767741586824,0.7074364562615528,False
15,5,Kelly Monaco,0.11586051743532058,0.12189769409287025,0.050431663141832145,0.6420721387760253,False
15,5,Apolo Anton Ohno,0.12710911136107986,0.1293820843969022,0.052688098782683955,0.675714060788791,False
15,5,Emmitt Smith,0.12598425196850394,0.12328888605640229,0.04845377286439329,0.6615236452986882,False
15,5,Shawn Johnson,0.12710911136107986,0.12285013203037122,0.04790152308488984,0.6764384871182723,False
15,5,Melissa Rycroft,0.12710911136107986,0.12497757337638313,0.048688360951899705,0.7096941876429399,False
15,6,Gilles Marini,0.12168141592920353,0.13053290262789444,0.04350957743828649,0.6870249735905478,False
15,6,Sabrina Bryan,0.13274336283185842,0.06123165746003534,0.014122676276247383,0.9255173393259702,True
15,6,Kirstie Alley,0.12168141592920353,0.13355102834969182,0.04052334991743759,0.7432237818940353,False
15,6,Kelly Monaco,0.11946902654867257,0.14426009780633625,0.05121677393228985,0.7271546807944255,False
15,6,Apolo Anton Ohno,0.13274336283185842,0.12988565849687025,0.044402765357254244,0.6563193182916195,False
15,6,Emmitt Smith,0.1172566371681416,0.13940056260023123,0.04530571129589962,0.7264773046008732,False
15,6,Shawn Johnson,0.12389380530973451,0.12965571742786217,0.040715537776831574,0.7086045794727762,False
15,6,Melissa Rycroft,0.13053097345132744,0.13148237523107867,0.04894002878595671,0.6807771805709568,False
15,7,Gilles Marini,0.1384293260352406,0.14923921099765944,0.06053943867163743,0.5211154040412581,False
15,7,Kirstie Alley,0.11570240079206841,0.14340459756407872,0.05724511522592002,0.636948788448009,False
15,7,Kelly Monaco,0.14876076087823395,0.14837832817031749,0.05894707644762261,0.621566462534884,False
15,7,Apolo Anton Ohno,0.1363640308050478,0.14195177866229156,0.05332459644613415,0.6673840923352367,False
15,7,Emmitt Smith,0.1425619826173051,0.13546308479769056,0.05221759584358238,0.6398272367105529,False
15,7,Shawn Johnson,0.15702442114501985,0.14250382345302579,0.05568383724678097,0.5700506513570998,False
15,7,Melissa Rycroft,0.16115707772708435,0.13905917635493617,0.05509446062618693,0.6558767831592878,False
15,8,Gilles Marini,0.1469193195013584,0.08437875423079909,0.020011133960187544,0.8868703054350523,True
15,8,Kirstie Alley,0.127962327890669,0.09575033516618794,0.023023140936001857,0.8764864484410537,True
15,8,Kelly Monaco,0.1421801970519487,0.16185219212419596,0.046516994168561095,0.6598553309243936,False
15,8,Apolo Anton Ohno,0.1469193195013584,0.16719278113142505,0.05219390663300827,0.6603995269484657,False
15,8,Emmitt Smith,0.1458037890899821,0.16308531651684222,0.05556469846392855,0.6100978395010179,False
15,8,Shawn Johnson,0.13967113179919047,0.1657339961304882,0.05138912391311386,0.6776311073839174,False
15,8,Melissa Rycroft,0.15054391516549293,0.16200662470006194,0.0483064696199364,0.7342996604848021,False
15,9,Kelly Monaco,0.19227700484469112,0.2499880672702746,0.06299829299085645,0.5870436911195653,False
15,9,Apolo Anton Ohno,0.20291532535175605,0.13626057924883064,0.030842076689751488,0.8381418951298979,True
15,9,Emmitt Smith,0.19148976912716834,0.13983313454114563,0.03356265879475711,0.8012070666768406,True
15,9,Shawn Johnson,0.20922030330560984,0.2444761204145917,0.06757903667948587,0.6417026050528782,False
15,9,Melissa Rycroft,0.20409759737077451,0.22944209852515676,0.0597836650807075,0.4999238276197491,False
15,10,Kelly Monaco,0.3331212530739241,0.3210658666165324,0.11100201419842634,0.3678896799603907,False
15,10,Shawn Johnson,0.3312148193751337,0.3441881625082888,0.1130550350508971,0.39202054284430277,False
15,10,Melissa Rycroft,0.3356639275509422,0.33474597087517893,0.11422679247928899,0.33641484088344864,False
16,1,Ingo Rademacher,0.08733624454148471,0.08004333178605955,0.031680669510294114,0.8109169431208536,False
16,1,Zendaya,0.10480349344978165,0.08296065985314233,0.033213710389364264,0.7867844732854393,False
16,1,Dorothy Hamill,0.09170305676855896,0.08208176356190686,0.033081879732839166,0.756264116618728,False
16,1,Victor Ortiz,0.07860262008733625,0.08432079636960545,0.03384655890240187,0.7844775596370699,False
16,1,Alexandra Raisman,0.09170305676855896,0.08483020537795638,0.03372507359249168,0.7633269604982408,False
16,1,Jacoby Jones,0.08733624454148471,0.08513561392591636,0.03644725357513827,0.7574181846796086,False
16,1,D. L. Hughley,0.05240174672489083,0.0852112827860789,0.03551675916031266,0.7532830862131473,False
16,1,Andy Dick,0.07423580786026202,0.0825719533288149,0.033379712670757775,0.7886383842691932,False
16,1,Wynonna Judd,0.07860262008733625,0.08344264659943626,0.03374061525748672,0.7995925133010332,False
16,1,Kellie Pickler,0.09170305676855896,0.08474497949622568,0.03250362338742994,0.7776039297255489,False
16,1,Lisa Vanderpump,0.07860262008733625,0.07975474808171674,0.03132530354260554,0.7445025658827797,False
16,1,Sean Lowe,0.08296943231441048,0.08490201883314091,0.036695145791587135,0.7460546860730488,False
16,2,Ingo Rademacher,0.08196721311475409,0.08454653728860437,0.033390061648233604,0.8024312193568656,False
16,2,Zendaya,0.10655737704918032,0.08449077832212894,0.033800963287711386,0.7845254611262085,False
16,2,Dorothy Hamill,0.06147540983606557,0.08492194498946937,0.03382119322797122,0.774963010649262,False
16,2,Victor Ortiz,0.07377049180327869,0.08123526485904042,0.03257811042781033,0.8070762012262398,False
16,2,Alexandra Raisman,0.09836065573770492,0.08326408036843144,0.03636269326001941,0.7056890160031071,False
16,2,Jacoby Jones,0.0942622950819672,0.08260528214192613,0.032421154189046245,0.8029168580037493,False
16,2,D. L. Hughley,0.06557377049180328,0.08338647049531182,0.03504627916273975,0.7268253857394451,False
16,2,Andy Dick,0.08196721311475409,0.08416637963139585,0.034278968869483756,0.7626768435520096,False
16,2,Wynonna Judd,0.07377049180327869,0.08253569374545938,0.033596777726843136,0.7783097164850334,False
16,2,Kellie Pickler,0.10655737704918032,0.08361153423769217,0.034525140924651615,0.6900333142050767,False
16,2,Lisa Vanderpump,0.07377049180327869,0.08040254202985546,0.033254041732690295,0.6042606894562462,False
16,2,Sean Lowe,0.08196721311475409,0.0848334918906846,0.03679531055705644,0.7685327985835932,False
16,3,Ingo Rademacher,0.08936185423294338,0.09045038738434148,0.03485466498064174,0.7583027077535147,False
16,3,Zendaya,0.11063763512788959,0.09426187605818204,0.036855787560521165,0.7381387599334468,False
16,3,Victor Ortiz,0.09787250701703322,0.09298847489681161,0.03751384935933366,0.7576199278475879,False
16,3,Alexandra Raisman,0.09787250701703322,0.09287216025735316,0.03369616810300903,0.7921423566659941,False
16,3,Jacoby Jones,0.11063763512788959,0.09474204788647997,0.03987842451878344,0.727509056128139,False
16,3,D. L. Hughley,0.06808522227271877,0.09816841654852199,0.03295344537232598,0.7580208406324498,False
16,3,Andy Dick,0.07659587505680861,0.09499300887918259,0.03598847941214045,0.6420306703236123,False
16,3,Wynonna Judd,0.06382989588067384,0.05786165808336304,0.013912428010319904,0.9257895412678547,True
16,3,Kellie Pickler,0.10638315980112308,0.09706141900373841,0.039000200394452095,0.7296449834226659,False
16,3,Lisa Vanderpump,0.08936185423294338,0.09196300429569743,0.035754940201033494,0.7142858586343441,False
16,3,Sean Lowe,0.08936185423294338,0.09463754670632757,0.03483288797075036,0.7965141637167369,False
16,4,Ingo Rademacher,0.10267857142857142,0.10513992999706648,0.03846822720856904,0.7463468623243619,False
16,4,Zendaya,0.11607142857142858,0.09831497832115574,0.03593103878883276,0.7560036007927688,False
16,4,Victor Ortiz,0.08035714285714286,0.11365173673259313,0.03756271516285842,0.7501779463623801,False
16,4,Alexandra Raisman,0.12053571428571429,0.09967129613016425,0.037408996217531285,0.76872311622188,False
16,4,Jacoby Jones,0.10714285714285714,0.1018326727353245,0.04164549737296823,0.7112297993586972,False
16,4,D. L. Hughley,0.09375,0.1102099553829793,0.0450109516530143,0.7139149755188886,False
16,4,Andy Dick,0.09375,0.10144963310354603,0.037772614392853884,0.7514281216325245,False
16,4,Kellie Pickler,0.11607142857142858,0.10306081531376814,0.04011663702448335,0.7611851418112656,False
16,4,Lisa Vanderpump,0.08035714285714286,0.06054474104718577,0.014317051522410395,0.9228258272686728,True
16,4,Sean Lowe,0.08928571428571429,0.10612424123621672,0.04022327058002501,0.7266202766275587,False
16,5,Ingo Rademacher,0.10047846889952153,0.11695466268445383,0.04273990783145942,0.747017618581388,False
16,5,Zendaya,0.13875598086124402,0.11798344815397796,0.0474091398638929,0.7178577530089605,False
16,5,Victor Ortiz,0.10047846889952153,0.11770967309823249,0.04075996112247313,0.7542786096485407,False
16,5,Alexandra Raisman,0.11961722488038277,0.11241890900700043,0.0405283590719187,0.6931110378439866,False
16,5,Jacoby Jones,0.12440191387559808,0.11389293229025307,0.04368528839141353,0.7029215424350792,False
16,5,D. L. Hughley,0.0861244019138756,0.06867067787213679,0.016514612437785403,0.8873893312327242,True
16,5,Andy Dick,0.0861244019138756,0.12360280982792315,0.0408558976912901,0.6902962837514134,False
16,5,Kellie Pickler,0.1291866028708134,0.11363481587468091,0.04303765686235407,0.7108770985390742,False
16,5,Sean Lowe,0.11483253588516747,0.11513207119134163,0.043935417891838406,0.7254479223137962,False
16,6,Ingo Rademacher,0.1220159151193634,0.14043624456511963,0.05157593933056676,0.6124933108662121,False
16,6,Zendaya,0.13527851458885942,0.1287620791558208,0.04546412784650711,0.7193385131652157,False
16,6,Victor Ortiz,0.10610079575596817,0.0739511506118651,0.017222833313404576,0.8893473667322596,True
16,6,Alexandra Raisman,0.13793103448275862,0.12263862253653127,0.045995010937414864,0.6090037659370386,False
16,6,Jacoby Jones,0.11936339522546419,0.13910319856986383,0.05163601631667624,0.6992418395733067,False
16,6,Andy Dick,0.11405835543766578,0.13741500465541007,0.05219357117797347,0.6439960501368581,False
16,6,Kellie Pickler,0.14323607427055704,0.12651423306239126,0.04650753439016434,0.7158548193311283,False
16,6,Sean Lowe,0.1220159151193634,0.13117946684299803,0.04596606382187725,0.6443916039918588,False
16,7,Ingo Rademacher,0.1358695652173913,0.15597313162234477,0.05784092756634993,0.6577429672182751,False
16,7,Zendaya,0.16304347826086957,0.1533119675905434,0.0582706418343904,0.6645865592165396,False
16,7,Alexandra Raisman,0.17391304347826086,0.1549737447192959,0.058365617989452556,0.6857303473125032,False
16,7,Jacoby Jones,0.14673913043478262,0.1407779579814187,0.05081312034644276,0.698997375199367,False
16,7,Andy Dick,0.09239130434782608,0.10305097094017744,0.024445277967522862,0.8448862586972244,True
16,7,Kellie Pickler,0.15760869565217392,0.14095827903485303,0.04826446170182096,0.6739953515787741,False
16,7,Sean Lowe,0.13043478260869565,0.1509539481113667,0.05283996209566078,0.666363358972244,False
16,8,Ingo Rademacher,0.15434083601286175,0.18558558857751864,0.05777032658971204,0.5964235423132268,False
16,8,Zendaya,0.1864951768488746,0.17224352768604198,0.0637742040997011,0.5719415186892509,False
16,8,Alexandra Raisman,0.18006430868167203,0.16884970800349225,0.05744224347523577,0.49090800413701974,False
16,8,Jacoby Jones,0.16720257234726688,0.18043746009254175,0.06042598052517176,0.57938795882522,False
16,8,Kellie Pickler,0.17684887459807075,0.18005952996498403,0.06728770825019242,0.5731625821786545,False
16,8,Sean Lowe,0.13504823151125403,0.1128241856754218,0.026328679846320324,0.853758628798645,True
16,9,Ingo Rademacher,0.18085106382978725,0.12722234919659264,0.03046566640565617,0.8425778471788852,True
16,9,Zendaya,0.1950354609929078,0.23081562384045606,0.07261590017380296,0.5562001965545436,False
16,9,Alexandra Raisman,0.20921985815602837,0.21932591260364556,0.07032464714413257,0.5847957220620308,False
16,9,Jacoby Jones,0.20921985815602837,0.21149059616933757,0.06706025261721282,0.6203672706770278,False
16,9,Kellie Pickler,0.20567375886524822,0.21114551818996855,0.06491056378581307,0.6232524278124889,False
16,10,Zendaya,0.256410475564509,0.28060299639994696,0.08080139429193206,0.5288661883718533,False
16,10,Alexandra Raisman,0.24786345971235874,0.15748276177946618,0.03509901851292101,0.8222363430236669,True
16,10,Jacoby Jones,0.2393155891586232,0.29423696890793455,0.08290966300569323,0.5107368974114531,False
16,10,Kellie Pickler,0.256410475564509,0.2676772729126522,0.0730197128342724,0.564979558670582,False
17,1,Valerie Harper,0.08203125,0.08115020115436694,0.033969846600842506,0.7289497366883462,False
17,1,Brant Daugherty,0.0859375,0.08322328985321724,0.03566722160879179,0.7406808375991172,False
17,1,Elizabeth Berkley Lauren,0.09375,0.08332984632666417,0.03522880148702507,0.7714739304628512,False
17,1,Leah Remini,0.08203125,0.0860214164029275,0.03496050359436454,0.7567181779515717,False
17,1,Corbin Bleu,0.09375,0.07995319878932138,0.031551871359039224,0.7908768009200573,False
17,1,Amber Riley,0.10546875,0.08129497178222962,0.030825959740026887,0.7797988057860178,False
17,1,Keyshawn Johnson,0.06640625,0.08479055493530402,0.034107294080004284,0.7524897759491578,False
17,1,Bill Engvall,0.0703125,0.08301358069452651,0.035729952790445184,0.7465120446194199,False
17,1,Christina Milian,0.0859375,0.08577561937856208,0.03490704535933425,0.7464305286255737,False
17,1,"Nicole ""Snooki"" Polizzi",0.08984375,0.08740683914712379,0.03542370165287657,0.7169718030098298,False
17,1,Jack Osbourne,0.08984375,0.08450879056398802,0.03475371564926264,0.7529443299397655,False
17,1,Bill Nye,0.0546875,0.0795316909717686,0.03220085393061276,0.7455089787404567,False
17,2,Valerie Harper,0.07142857142857142,0.08995070107887462,0.034270727998691165,0.7625522532878395,False
17,2,Brant Daugherty,0.08646616541353383,0.08294384655295318,0.030402210098601497,0.7598117746357105,False
17,2,Elizabeth Berkley Lauren,0.09398496240601503,0.08388762556345478,0.0351207816175497,0.72905749749573,False
17,2,Leah Remini,0.09022556390977443,0.0880647015411775,0.037712894663565893,0.7461621029923788,False
17,2,Corbin Bleu,0.09774436090225563,0.08215036024256003,0.03293570743946565,0.8210816098830435,False
17,2,Amber Riley,0.09022556390977443,0.08539520859369981,0.0335675622421722,0.7162550456164576,False
17,2,Keyshawn Johnson,0.06766917293233082,0.0468296668437414,0.011256158384396428,0.938166406993881,True
17,2,Bill Engvall,0.07894736842105263,0.09451089115685678,0.036212902327632815,0.7145443657981083,False
17,2,Christina Milian,0.09398496240601503,0.08089002634883805,0.028055934539767548,0.8377051307645533,False
17,2,"Nicole ""Snooki"" Polizzi",0.07518796992481203,0.08527610671212545,0.030278454863460705,0.805152396822183,False
17,2,Jack Osbourne,0.09022556390977443,0.08515103103092962,0.038070507529608534,0.6606422560053736,False
17,2,Bill Nye,0.06390977443609022,0.094949834334789,0.03522939607372707,0.7523206229671431,False
17,3,Valerie Harper,0.06274509803921569,0.10433264111572686,0.034034462569821886,0.7765143682712182,False
17,3,Brant Daugherty,0.10588235294117647,0.08966436646409474,0.03306755393111949,0.7860236405657042,False
17,3,Elizabeth Berkley Lauren,0.09803921568627451,0.09757644825627404,0.039583349207795014,0.6749298351315697,False
17,3,Leah Remini,0.09411764705882353,0.09266949368837807,0.03682150454031242,0.7839705212445941,False
17,3,Corbin Bleu,0.10196078431372549,0.08914845654131849,0.03481221821047379,0.7970944249205243,False
17,3,Amber Riley,0.09411764705882353,0.09261933521242979,0.03438092673610673,0.755478989605872,False
17,3,Bill Engvall,0.09411764705882353,0.09291614528310313,0.03412645650902829,0.7531521888502611,False
17,3,Christina Milian,0.10196078431372549,0.09133098815193015,0.03790210184631323,0.7481843285021441,False
17,3,"Nicole ""Snooki"" Polizzi",0.09803921568627451,0.09656727172098499,0.03776771045224718,0.7430832519339662,False
17,3,Jack Osbourne,0.08627450980392157,0.09490612739653717,0.03711780633604796,0.6951749536320864,False
17,3,Bill Nye,0.06274509803921569,0.05826872616922239,0.013396311977273626,0.9191455732590423,True
17,4,Valerie Harper,0.0759493670886076,0.06355250015614103,0.014292351313522201,0.9202450943440956,True
17,4,Brant Daugherty,0.08860759493670886,0.10406451711849656,0.03485440320576944,0.7934199365030918,False
17,4,Elizabeth Berkley Lauren,0.11392405063291139,0.10353601633006439,0.04041043984372696,0.7682749851481271,False
17,4,Leah Remini,0.10126582278481013,0.10185861677616782,0.037308626576712335,0.7810119819342514,False
17,4,Corbin Bleu,0.11392405063291139,0.09964435791499937,0.038312007368392714,0.7625570295463203,False
17,4,Amber Riley,0.11392405063291139,0.11049645591229756,0.04292822628669115,0.6547105961462525,False
17,4,Bill Engvall,0.08860759493670886,0.10429779143359495,0.035326968491165026,0.6975223667085226,False
17,4,Christina Milian,0.10126582278481013,0.0996718039572694,0.03546028004942765,0.7754116956123978,False
17,4,"Nicole ""Snooki"" Polizzi",0.10126582278481013,0.10776621284900098,0.044911842778389145,0.6028974772760567,False
17,4,Jack Osbourne,0.10126582278481013,0.10511172755196832,0.037578399941800206,0.7707958277515703,False
17,5,Brant Daugherty,0.1148936170212766,0.11725940338580146,0.043051522434117015,0.6822816031218752,False
17,5,Elizabeth Berkley Lauren,0.11063829787234042,0.10977065437487507,0.03860503022142657,0.7398369179409654,False
17,5,Leah Remini,0.09361702127659574,0.1339361761653846,0.03996959411385839,0.7567938601595652,False
17,5,Corbin Bleu,0.11914893617021277,0.1143590188618591,0.04625351183757281,0.690391301113559,False
17,5,Amber Riley,0.11063829787234042,0.11675517741432269,0.03971480108423277,0.7592599963794517,False
17,5,Bill Engvall,0.10212765957446808,0.12350611584645652,0.039099756003111406,0.7862499263026961,False
17,5,Christina Milian,0.11914893617021277,0.052589219476678245,0.011179744775816625,0.9327672175350873,True
17,5,"Nicole ""Snooki"" Polizzi",0.1148936170212766,0.11419847471471944,0.04321234299338875,0.7014907096688455,False
17,5,Jack Osbourne,0.1148936170212766,0.11762575975990286,0.04498321041198758,0.7146519895719642,False
17,6,Brant Daugherty,0.13419959895965008,0.13024825620548916,0.05075709510517129,0.685124010564316,False
17,6,Elizabeth Berkley Lauren,0.13852775247706486,0.12694106479633685,0.04994227321012847,0.6241303934245697,False
17,6,Leah Remini,0.12121210809388085,0.12679785227580107,0.05142616721963085,0.6544532088213114,False
17,6,Corbin Bleu,0.11688308877260181,0.12546559857170853,0.04785819314314407,0.6888197080412892,False
17,6,Amber Riley,0.138528185378997,0.11865369920593316,0.04478010106824704,0.719702578991783,False
17,6,Bill Engvall,0.10389603080876472,0.12804278981874545,0.049466861112098616,0.6589174233148678,False
17,6,"Nicole ""Snooki"" Polizzi",0.12987057963837106,0.12246703017621581,0.04553499426810525,0.6811193720286157,False
17,6,Jack Osbourne,0.11688265587066969,0.12138370894977003,0.050239498103114164,0.6748545191239508,False
17,7,Brant Daugherty,0.12866817155756208,0.12984485058094938,0.04639239925193813,0.6328696984149283,False
17,7,Elizabeth Berkley Lauren,0.12189616252821671,0.14229654823227036,0.0485208273855876,0.7005859142149806,False
17,7,Leah Remini,0.11963882618510158,0.13213367135735257,0.04707612838813296,0.6642778769112186,False
17,7,Corbin Bleu,0.13318284424379231,0.13140754608815425,0.04601149872200582,0.6601610822593376,False
17,7,Amber Riley,0.13318284424379231,0.12923661636034603,0.046899534747521336,0.6804198567467279,False
17,7,Bill Engvall,0.11286681715575621,0.1323371284432955,0.04221636401381556,0.7304513742508656,False
17,7,"Nicole ""Snooki"" Polizzi",0.12189616252821671,0.0670751271803348,0.01523078086767348,0.9124665209002409,True
17,7,Jack Osbourne,0.12866817155756208,0.13566851175729694,0.04946136402761118,0.6935432269229341,False
17,8,Brant Daugherty,0.140625,0.07975042395170821,0.018727069273618627,0.8955611333603584,True
17,8,Elizabeth Berkley Lauren,0.13020833333333334,0.15905459434764097,0.04794032058481607,0.693180581020168,False
17,8,Leah Remini,0.14583333333333334,0.14598377922307543,0.049144883036104536,0.6646786817283626,False
17,8,Corbin Bleu,0.15625,0.14975506169128355,0.05451369267602404,0.6034555120665726,False
17,8,Amber Riley,0.14583333333333334,0.14626273751498037,0.05208035962294755,0.6458634103421429,False
17,8,Bill Engvall,0.125,0.16436601812707122,0.05065678197281667,0.692928265795199,False
17,8,Jack Osbourne,0.15625,0.15482738514423994,0.05546810731084685,0.6795870505701396,False
17,9,Elizabeth Berkley Lauren,0.17777777777777778,0.08808922667023704,0.020054097793523424,0.8805668861340348,True
17,9,Leah Remini,0.17142857142857143,0.17106353053988735,0.056436119410790866,0.5938172819761038,False
17,9,Corbin Bleu,0.18412698412698414,0.1760103337295013,0.06157318204255731,0.6279454914697777,False
17,9,Amber Riley,0.1619047619047619,0.1856253963513844,0.0597950397516082,0.6235320822525907,False
17,9,Bill Engvall,0.13333333333333333,0.19945964729298543,0.053748430304450354,0.6833124670216877,False
17,9,Jack Osbourne,0.17142857142857143,0.1797518654160047,0.056052038324852144,0.6835012511640902,False
17,10,Leah Remini,0.18571428571428572,0.1268500873030259,0.028213559200779035,0.8228067730477413,True
17,10,Corbin Bleu,0.21428571428571427,0.20138452611837848,0.06649988413048599,0.5745594662285725,False
17,10,Amber Riley,0.2257142857142857,0.2128135888972127,0.07052715930505618,0.5770500421305886,False
17,10,Bill Engvall,0.17142857142857143,0.24069912142568547,0.07443847688631419,0.5185468181368569,False
17,10,Jack Osbourne,0.20285714285714285,0.21825267625569666,0.07432250387613545,0.5729405427492693,False
17,11,Corbin Bleu,0.25909655421775135,0.27518837187905815,0.08644846527945067,0.4394419589169246,False
17,11,Amber Riley,0.273653835740624,0.27348789284098085,0.08803627094952546,0.5026456346127051,False
17,11,Bill Engvall,0.22270771724567986,0.17007041258141947,0.04218763818932227,0.7736152887197766,True
17,11,Jack Osbourne,0.24454189279594477,0.28125332269854164,0.08492882468910119,0.48501985048956564,False
18,1,Billy Dee Williams,0.05725190839694656,0.0834804779963788,0.032898129033037606,0.7778449284756495,False
18,1,Danica McKellar,0.0916030534351145,0.08339689332061807,0.033641109260927296,0.733828361305254,False
18,1,James Maslow,0.08015267175572519,0.07808083508078732,0.03256472063426481,0.7524065897339954,False
18,1,Candace Cameron Bure,0.09541984732824428,0.08285017459085467,0.03350446168813653,0.769372476121214,False
18,1,Sean Avery,0.07633587786259542,0.08410745489547462,0.03448260515146486,0.7845319898422909,False
18,1,Diana Nyad,0.06870229007633588,0.08678777458737967,0.03546508630445409,0.7281926909109981,False
18,1,Charlie White,0.10305343511450382,0.08292153972199039,0.03409750990497799,0.7798042687224445,False
18,1,Amy Purdy,0.0916030534351145,0.08464206907305857,0.03378506278932421,0.7615392265158016,False
18,1,Meryl Davis,0.0916030534351145,0.08491890353670281,0.03347951409619785,0.8015786207363244,False
18,1,Drew Carey,0.08015267175572519,0.08091447957351863,0.032010109949536715,0.7592779821796707,False
18,1,Cody Simpson,0.08396946564885496,0.08532408565507918,0.03550675392277092,0.7820846466543517,False
18,1,NeNe Leakes,0.08015267175572519,0.08257531196815764,0.035455256319387916,0.7590591763787566,False
18,2,Billy Dee Williams,0.06147540983606557,0.11219118386426212,0.03491653200066064,0.7790292647997306,False
18,2,Danica McKellar,0.09836065573770492,0.09065004231487037,0.03728651943173714,0.7783858908510026,False
18,2,James Maslow,0.10245901639344263,0.09536574818395485,0.03921897858515446,0.7136616312268772,False
18,2,Candace Cameron Bure,0.0860655737704918,0.09740343704447801,0.037417098535673016,0.7636535636497197,False
18,2,Sean Avery,0.0860655737704918,0.04635688391505985,0.010276023720968603,0.9282744239008746,True
18,2,Charlie White,0.10245901639344263,0.09299636923598818,0.036291751399208254,0.7777369145396159,False
18,2,Amy Purdy,0.09836065573770492,0.09350459734129535,0.035810960146857244,0.8095127571026146,False
18,2,Meryl Davis,0.10245901639344263,0.08713200733561668,0.03393237277628991,0.784296447559705,False
18,2,Drew Carey,0.0860655737704918,0.09245434547030254,0.03419273233729595,0.754860934836221,False
18,2,Cody Simpson,0.09016393442622951,0.09592931079350957,0.04006372837560233,0.6764466993333942,False
18,2,NeNe Leakes,0.0860655737704918,0.09601607450066285,0.03572044127722848,0.769170473192462,False
18,3,Danica McKellar,0.1157556270096463,0.11120465445932722,0.0435645520594971,0.7454603923386685,False
18,3,James Maslow,0.1157556270096463,0.11123850971103287,0.043503600441285935,0.7208626324136669,False
18,3,Candace Cameron Bure,0.10289389067524116,0.10823128009782021,0.04136795781740244,0.7217770184235265,False
18,3,Charlie White,0.1157556270096463,0.11425212890183746,0.04446363218111139,0.7031100836421584,False
18,3,Amy Purdy,0.1157556270096463,0.11140370950209624,0.041212232729513174,0.7030279248926208,False
18,3,Meryl Davis,0.12540192926045016,0.10714662853921803,0.038763403661274405,0.742983894273777,False
18,3,Drew Carey,0.09646302250803858,0.1096375697549244,0.04497634459446702,0.6518814458573046,False
18,3,Cody Simpson,0.11254019292604502,0.11568746951442789,0.04252192860360649,0.7186955633942443,False
18,3,NeNe Leakes,0.09967845659163987,0.11119804951931563,0.04334780109978728,0.6855095276126194,False
18,4,Danica McKellar,0.10774410774410774,0.11423275530832451,0.047263239543667616,0.625281324560987,False
18,4,James Maslow,0.11784511784511785,0.12002936037659005,0.048155547061727234,0.6656337222323869,False
18,4,Candace Cameron Bure,0.09427609427609428,0.1114056922375918,0.043829670447574826,0.6876981419030828,False
18,4,Charlie White,0.1111111111111111,0.11271709454226922,0.04561762754971134,0.6920771544282663,False
18,4,Amy Purdy,0.11447811447811448,0.10451705828027871,0.04086608963547768,0.7261586070503481,False
18,4,Meryl Davis,0.13131313131313133,0.107629850455483,0.04163801402281188,0.6962139153940499,False
18,4,Drew Carey,0.1111111111111111,0.1097712676074972,0.04129387476263712,0.7396318616783083,False
18,4,Cody Simpson,0.10437710437710437,0.11183055515953014,0.04543515367863771,0.6766566846082906,False
18,4,NeNe Leakes,0.10774410774410774,0.10786636603243578,0.04131863591805641,0.7400542134989384,False
18,5,Danica McKellar,0.12111801242236025,0.11519716955528908,0.04526661748787205,0.7047323222596729,False
18,5,James Maslow,0.12422360248447205,0.11125892200665283,0.04569629387932819,0.543734166799322,False
18,5,Candace Cameron Bure,0.10869565217391304,0.12501099230194454,0.04771463360498943,0.6755366352067587,False
18,5,Charlie White,0.11490683229813664,0.11455581898327187,0.047891615924979876,0.5979353499937929,False
18,5,Amy Purdy,0.11490683229813664,0.11624580999814862,0.04264665093474034,0.7313068660279508,False
18,5,Meryl Davis,0.11180124223602485,0.11197749192160703,0.040246465283319224,0.7117473630371242,False
18,5,Drew Carey,0.08695652173913043,0.12961462563918077,0.042350070985739674,0.6094573638676597,False
18,5,Cody Simpson,0.10559006211180125,0.05974189197552481,0.012994701576638254,0.9289417000982795,True
18,5,NeNe Leakes,0.11180124223602485,0.11639727761837956,0.04240105621931949,0.7804695767320814,False
18,6,Danica McKellar,0.1276595744680851,0.13665861017861256,0.052496101028062875,0.5932472335999841,False
18,6,James Maslow,0.12411347517730496,0.13066113087287706,0.04613709981684131,0.703274238251503,False
18,6,Candace Cameron Bure,0.11347517730496454,0.1396503080645038,0.04537400738542085,0.6375840381392925,False
18,6,Charlie White,0.1276595744680851,0.1315158430772313,0.04911296119683618,0.6499788864079274,False
18,6,Amy Purdy,0.1347517730496454,0.130097372477238,0.04464322732347105,0.7230059655415424,False
18,6,Meryl Davis,0.14184397163120568,0.1265812726461578,0.047071964216080474,0.6302715676248472,False
18,6,Drew Carey,0.11347517730496454,0.0722127848909878,0.01645627153728695,0.9055885474995884,True
18,6,NeNe Leakes,0.11702127659574468,0.1326226777923914,0.04302538521212103,0.6915844439306827,False
18,7,Danica McKellar,0.1422924901185771,0.1516320510783701,0.054557959766293206,0.6115687236547455,False
18,7,James Maslow,0.1383399209486166,0.15425842381498484,0.05104890702388116,0.6586715430785517,False
18,7,Candace Cameron Bure,0.14624505928853754,0.14569937050628115,0.048989711278921405,0.7256606809244501,False
18,7,Charlie White,0.14031620553359683,0.15650197306145217,0.05546022850131742,0.6119656875118344,False
18,7,Amy Purdy,0.1482213438735178,0.14729811759265715,0.05330013086816846,0.6835214940901573,False
18,7,Meryl Davis,0.1541501976284585,0.1619610215004648,0.05563336870318691,0.6863302793292438,False
18,7,NeNe Leakes,0.13043478260869565,0.08264904244578936,0.019924831650423646,0.8920285899959612,True
18,8,Danica McKellar,0.168141592920354,0.09261735806765907,0.021779327675880308,0.864126903432038,True
18,8,James Maslow,0.1592920353982301,0.18927169150998718,0.05893434909261641,0.6222017296106817,False
18,8,Candace Cameron Bure,0.1592920353982301,0.17798954227425592,0.05486412190145276,0.6737823798127043,False
18,8,Charlie White,0.17699115044247787,0.18597957259325398,0.062307727940566694,0.5767153725945561,False
18,8,Amy Purdy,0.17699115044247787,0.1727011952267202,0.05736356126863942,0.6226302711487172,False
18,8,Meryl Davis,0.1592920353982301,0.1814406403281235,0.05870005614422916,0.6004228315554795,False
18,9,James Maslow,0.19895287958115182,0.22808827806321672,0.0692338087543299,0.5355673434741537,False
18,9,Candace Cameron Bure,0.18848167539267016,0.2242555446467484,0.06379004550303378,0.5395252449898986,False
18,9,Charlie White,0.19895287958115182,0.11866210671544347,0.027725353043700794,0.848747027904531,True
18,9,Amy Purdy,0.20418848167539266,0.21185978379917778,0.0624610888497039,0.5629345004533961,False
18,9,Meryl Davis,0.2094240837696335,0.21713428677541335,0.06819701527452722,0.5048853892940608,False
18,10,James Maslow,0.2529075649013137,0.15506826212399902,0.035248035695901105,0.8003784895045662,True
18,10,Candace Cameron Bure,0.22674296916969572,0.2921324041346101,0.07321124919686516,0.562321430937896,False
18,10,Amy Purdy,0.2587209505138384,0.27303780843243225,0.07639046901052617,0.5588282872731072,False
18,10,Meryl Davis,0.2616285154151521,0.2797615253089588,0.07333749649965571,0.5758469187680575,False
19,1,Antonio Sabato Jr.,0.06720430107526881,0.08285767003771728,0.032122073834562594,0.7598733715619881,False
19,1,Jonathan Bennett,0.08064516129032258,0.07753323390687104,0.028583980975253918,0.7673708282579287,False
19,1,Lea Thompson,0.08602150537634409,0.07185984933500271,0.02902235362269328,0.8191905080487258,False
19,1,Janel Parrish,0.07795698924731183,0.07838861324776823,0.031877635338791475,0.8085148259620565,False
19,1,Alfonso Ribeiro,0.0967741935483871,0.07576671449363351,0.03335576530853111,0.7376178597033002,False
19,1,Lolo Jones,0.05913978494623656,0.04482386194157656,0.01064891149141691,0.9388354978274348,True
19,1,Randy Couture,0.08333333333333333,0.07989794937474021,0.03249418950667641,0.802082781939151,False
19,1,Tommy Chong,0.07258064516129033,0.07990631738206964,0.02945483756579689,0.8093090430685572,False
19,1,Betsey Johnson,0.053763440860215055,0.09148377215484887,0.03128975634700112,0.7703555918524492,False
19,1,Michael Waltrip,0.06720430107526881,0.08200575611998834,0.03158836496707657,0.7881779880767124,False
19,1,Tavis Smiley,0.07795698924731183,0.07891765062580201,0.034485843969896075,0.7970965796551868,False
19,1,Bethany Mota,0.08602150537634409,0.07883980410980125,0.031215278517207366,0.7863897397584286,False
19,1,Sadie Robertson,0.0913978494623656,0.0777188072701807,0.030915617601697934,0.7567560298398778,False
19,2,Antonio Sabato Jr.,0.0856353591160221,0.09331766378101738,0.040014498165954725,0.7600126912352335,False
19,2,Jonathan Bennett,0.08287292817679558,0.08645460555033113,0.03578720969597048,0.7745669077123254,False
19,2,Lea Thompson,0.09668508287292818,0.08004224876937541,0.0330278460072967,0.779797727613627,False
19,2,Janel Parrish,0.09392265193370165,0.08722317150849569,0.033762243515376864,0.8005778919000528,False
19,2,Alfonso Ribeiro,0.08839779005524862,0.08832669450241949,0.03366340505506416,0.7791858478152976,False
19,2,Randy Couture,0.07734806629834254,0.08695431681903959,0.029898565789168954,0.8259912335789008,False
19,2,Tommy Chong,0.07734806629834254,0.08550038341137696,0.03033330300508247,0.7708614999334936,False
19,2,Betsey Johnson,0.07734806629834254,0.08427372054905428,0.032321850304771735,0.7118019913731566,False
19,2,Michael Waltrip,0.06629834254143646,0.0921109181928852,0.02766282672816445,0.8363138356598246,False
19,2,Tavis Smiley,0.07734806629834254,0.04247222814555398,0.009033892218997537,0.9507725059616028,True
19,2,Bethany Mota,0.09116022099447514,0.0900442663765514,0.0342189023646635,0.8001634231670063,False
19,2,Sadie Robertson,0.0856353591160221,0.08327978239389912,0.030228677134832124,0.8207565544976256,False
19,3,Antonio Sabato Jr.,0.0821529745042493,0.09750714386573356,0.03607354793644704,0.7472016133258159,False
19,3,Jonathan Bennett,0.0906515580736544,0.09272696039833514,0.03802758775293091,0.711851432007045,False
19,3,Lea Thompson,0.08781869688385269,0.09504496461339972,0.0373114199288071,0.7720925953349905,False
19,3,Janel Parrish,0.11331444759206799,0.09001152586369306,0.03789862936579825,0.6956053333483999,False
19,3,Alfonso Ribeiro,0.0906515580736544,0.09858640389690952,0.03721920878729996,0.7171843835710603,False
19,3,Randy Couture,0.07365439093484419,0.052070236873873355,0.011931140782463706,0.918463647083423,True
19,3,Tommy Chong,0.09631728045325778,0.09491278335166793,0.03800066428430472,0.7169800594623048,False
19,3,Betsey Johnson,0.0821529745042493,0.09699377538057494,0.03470101834343669,0.7889061730619124,False
19,3,Michael Waltrip,0.07932011331444759,0.09897055492999493,0.0344344191988716,0.7726375484294743,False
19,3,Bethany Mota,0.11331444759206799,0.09066923842573558,0.036313159997164814,0.7501268106966659,False
19,3,Sadie Robertson,0.0906515580736544,0.09250641240008228,0.0355629449309862,0.7722673008368898,False
19,4,Antonio Sabato Jr.,0.090625,0.10251736247673711,0.034408515933220384,0.7262688801516375,False
19,4,Jonathan Bennett,0.075,0.12067121947422466,0.041099076065313656,0.7389988046535365,False
19,4,Lea Thompson,0.121875,0.10075998747051151,0.039873174948091804,0.7695967868393341,False
19,4,Janel Parrish,0.1125,0.10390033958441468,0.03897183904708332,0.7462546497693161,False
19,4,Alfonso Ribeiro,0.125,0.09805264191501929,0.03728005258693087,0.7659728775814684,False
19,4,Tommy Chong,0.0875,0.10563867267860089,0.035675900508292176,0.7695327654468269,False
19,4,Betsey Johnson,0.090625,0.05412102779632296,0.0126524048937292,0.9275126173049137,True
19,4,Michael Waltrip,0.078125,0.11207269250438932,0.0374701892713753,0.7127420958641144,False
19,4,Bethany Mota,0.103125,0.10069908759477587,0.037294757299769714,0.7413497178132137,False
19,4,Sadie Robertson,0.115625,0.10156696850500349,0.04293974524156967,0.7292589841343315,False
19,5,Antonio Sabato Jr.,0.10606060606060606,0.11279255195485591,0.04170234965081585,0.712659206420962,False
19,5,Jonathan Bennett,0.09090909090909091,0.11133117299401826,0.043787692885651305,0.7211094470921644,False
19,5,Lea Thompson,0.12878787878787878,0.1107644540618068,0.042947737530852036,0.7516872482091236,False
19,5,Janel Parrish,0.125,0.10949300536350559,0.04197421587158166,0.7263346496578499,False
19,5,Alfonso Ribeiro,0.12878787878787878,0.11178453373968371,0.04683543641427476,0.6806581281144917,False
19,5,Tommy Chong,0.08712121212121213,0.11693380210169409,0.04472254269183902,0.7189826004837344,False
19,5,Michael Waltrip,0.07575757575757576,0.1085915597015383,0.04374304647974506,0.6743793089147758,False
19,5,Bethany Mota,0.12121212121212122,0.11262560289343958,0.044410340695728696,0.6765076166251827,False
19,5,Sadie Robertson,0.13636363636363635,0.1056833171894583,0.03953403321054742,0.7631818228799033,False
19,6,Antonio Sabato Jr.,0.09556313993174062,0.12333934213509633,0.03736919618540548,0.7787171337487256,False
19,6,Jonathan Bennett,0.10921501706484642,0.0583662927655638,0.013471383626440707,0.9143602368165342,True
19,6,Lea Thompson,0.10921501706484642,0.12290248716725075,0.0423934350385473,0.7703664459743174,False
19,6,Janel Parrish,0.11262798634812286,0.11774802910150864,0.043418230894654845,0.7179613777519341,False
19,6,Alfonso Ribeiro,0.13310580204778158,0.10720240548255197,0.04308950141993811,0.7337239752132136,False
19,6,Tommy Chong,0.09556313993174062,0.11911217916420982,0.0397992537206815,0.7469473119399684,False
19,6,Michael Waltrip,0.10238907849829351,0.11985125157914465,0.04017044729998581,0.7382320156269334,False
19,6,Bethany Mota,0.12286689419795221,0.11315403968412771,0.04282030088948978,0.7457148730293408,False
19,6,Sadie Robertson,0.11945392491467577,0.11832397292054585,0.04144059013399783,0.7529869887934275,False
19,7,Antonio Sabato Jr.,0.11411992263056092,0.07184662682895235,0.015771591145840317,0.9142239331789588,True
19,7,Lea Thompson,0.13539651837524178,0.1264266395238973,0.04677514807623026,0.7289294620184236,False
19,7,Janel Parrish,0.12959381044487428,0.13188506353415425,0.04972045641941002,0.6873459675783468,False
19,7,Alfonso Ribeiro,0.13152804642166344,0.13954708075027805,0.05905188795532645,0.6383357490933523,False
19,7,Tommy Chong,0.11605415860735009,0.13075009611656346,0.04317693017235392,0.7321036162866132,False
19,7,Michael Waltrip,0.10831721470019343,0.14032461555102393,0.04892779752845631,0.6877104415959823,False
19,7,Bethany Mota,0.1450676982591876,0.12768925466001343,0.049350026461663137,0.700789962670335,False
19,7,Sadie Robertson,0.11992263056092843,0.1315306230351175,0.04681887406893619,0.6966431678372456,False
19,8,Lea Thompson,0.12903225806451613,0.1593546722180664,0.05970919243546141,0.6129136020406978,False
19,8,Janel Parrish,0.17338709677419356,0.14235781611250414,0.06044135101232495,0.6078368560674515,False
19,8,Alfonso Ribeiro,0.16532258064516128,0.14940770029124673,0.05962980016526815,0.5965407089503212,False
19,8,Tommy Chong,0.11693548387096774,0.1551171547243643,0.05540659169332666,0.6238030054879491,False
19,8,Michael Waltrip,0.10080645161290322,0.0974368160045623,0.02514352619663784,0.8350974606557728,True
19,8,Bethany Mota,0.16129032258064516,0.15023482132357333,0.05567088608440219,0.587723304120344,False
19,8,Sadie Robertson,0.1532258064516129,0.14609101932568289,0.05796034969061203,0.5850131217816221,False
19,9,Lea Thompson,0.16355140186915887,0.09608291860290136,0.0222088282813705,0.8821784734043029,True
19,9,Janel Parrish,0.17990654205607476,0.18657091791717464,0.06826040112580378,0.6136453822921198,False
19,9,Alfonso Ribeiro,0.17990654205607476,0.17193703385059367,0.057051491457705696,0.6129908741211629,False
19,9,Tommy Chong,0.13317757009345793,0.19280918284695914,0.04832056149456897,0.6777922195462788,False
19,9,Bethany Mota,0.17289719626168223,0.17600684867112212,0.061850049149877996,0.6239748894533163,False
19,9,Sadie Robertson,0.1705607476635514,0.17659309811125068,0.057263492110909316,0.632511410621167,False
19,10,Janel Parrish,0.2136986301369863,0.2141950983444387,0.07039183582150006,0.547929645569744,False
19,10,Alfonso Ribeiro,0.2054794520547945,0.22437030412252637,0.07330064919730983,0.5433673121156903,False
19,10,Tommy Chong,0.16986301369863013,0.13365969471212172,0.030510159345500852,0.8267579714037672,True
19,10,Bethany Mota,0.20821917808219179,0.21173028395896362,0.06794891171216527,0.507491488278327,False
19,10,Sadie Robertson,0.20273972602739726,0.21604461886194903,0.06564780688047116,0.5624491298231185,False
19,11,Janel Parrish,0.24946620355267282,0.2815581253248841,0.08385910813253397,0.5004176302183617,False
19,11,Alfonso Ribeiro,0.25586408499804897,0.28258805250563496,0.08585469128187259,0.4938839792704126,False
19,11,Bethany Mota,0.24307088074814653,0.1595581875902591,0.038197070886703086,0.7955377613510943,True
19,11,Sadie Robertson,0.25159883070113154,0.27629563457922207,0.07801136129580731,0.5502275692934274,False
20,1,Suzanne Somers,0.07861635220125786,0.08643496513554129,0.03527939953967967,0.7628357478956845,False
20,1,Willow Shields,0.07861635220125786,0.08327431339904531,0.03292527843488001,0.7561157808178335,False
20,1,Riker Lynch,0.09748427672955975,0.08379967761251082,0.03381692998996466,0.7624817025132197,False
20,1,Rumer Willis,0.10062893081761007,0.08334045905102949,0.032626655326111705,0.7968961376572837,False
20,1,Nastia Liukin,0.09433962264150944,0.08294038980248412,0.035547312529373244,0.7621920442439561,False
20,1,Michael Sam,0.08176100628930817,0.08363704141951811,0.03204641948515518,0.785174766617804,False
20,1,Robert Herjavec,0.0880503144654088,0.08231658738581231,0.036298774606339006,0.7270152145687995,False
20,1,Charlotte McKinney,0.06918238993710692,0.08372692913175571,0.03418908854712101,0.8189600148212004,False
20,1,Noah Galloway,0.08176100628930817,0.08242197817720827,0.03524610508945409,0.7410454561481385,False
20,1,Redfoo,0.06918238993710692,0.08671855247745175,0.03265996891318005,0.7820580948830145,False
20,1,Patti LaBelle,0.07861635220125786,0.07770403921240678,0.032223696890212275,0.7814638626396837,False
20,1,Chris Soules,0.08176100628930817,0.08368506719523597,0.034341628827990585,0.7382609162185748,False
20,2,Suzanne Somers,0.08069164265129683,0.08927336271906788,0.03099953791337981,0.7749848845173595,False
20,2,Willow Shields,0.09221902017291066,0.08541310229509624,0.032850160573958724,0.7819099571331838,False
20,2,Riker Lynch,0.09221902017291066,0.08326066766375473,0.03140941459127875,0.806165914806186,False
20,2,Rumer Willis,0.09221902017291066,0.0848351484745584,0.02859053968855256,0.8548142844527988,False
20,2,Nastia Liukin,0.09798270893371758,0.08337959000895438,0.033987338029446715,0.7951142295008542,False
20,2,Michael Sam,0.08069164265129683,0.08604593095468202,0.029198754755441064,0.824424417992953,False
20,2,Robert Herjavec,0.08069164265129683,0.08613190968608106,0.02951235885566501,0.7832829484138548,False
20,2,Charlotte McKinney,0.07492795389048991,0.0949698491954468,0.030551159772621954,0.8260079480565683,False
20,2,Noah Galloway,0.07780979827089338,0.08864981558320457,0.02726107664858395,0.8303635394969024,False
20,2,Redfoo,0.0893371757925072,0.03665356786895559,0.007708872370214602,0.9557690998520812,True
20,2,Patti LaBelle,0.08069164265129683,0.08656874283777373,0.028162054882759354,0.8369421416734953,False
20,2,Chris Soules,0.06051873198847262,0.09481831271242445,0.024655751870721963,0.852648794116234,False
20,3,Suzanne Somers,0.07987220447284345,0.09433223790467203,0.03479600049884451,0.7020459579799634,False
20,3,Willow Shields,0.10223642172523961,0.09285880684005664,0.035730149355757954,0.7670012911140169,False
20,3,Riker Lynch,0.10862619808306709,0.09213354333742793,0.03820728659980669,0.771285926783302,False
20,3,Rumer Willis,0.10543130990415335,0.09528403538486449,0.03709294013123402,0.7731205883870298,False
20,3,Nastia Liukin,0.10862619808306709,0.09273008683383613,0.03495032776753341,0.7204318163805496,False
20,3,Michael Sam,0.07667731629392971,0.0950792864405113,0.033243901024885496,0.7407889376749146,False
20,3,Robert Herjavec,0.0926517571884984,0.08936315016119596,0.03591181216534066,0.711923019181288,False
20,3,Charlotte McKinney,0.07028753993610223,0.05436687925741314,0.013075954394046319,0.9279126160825794,True
20,3,Noah Galloway,0.09584664536741214,0.09780145618817936,0.03805236498516661,0.6833322696194806,False
20,3,Patti LaBelle,0.07028753993610223,0.09982893398172796,0.03366700481342672,0.7695881113378825,False
20,3,Chris Soules,0.08945686900958466,0.09622158367011482,0.03501884749889327,0.7618267733331454,False
20,4,Suzanne Somers,0.08615384615384615,0.10976322487099481,0.03758650074518824,0.7526402648951067,False
20,4,Willow Shields,0.12,0.101877896075111,0.03816892049599241,0.7572064597269119,False
20,4,Riker Lynch,0.10461538461538461,0.10912069317602527,0.04363113258292733,0.7087232797279512,False
20,4,Rumer Willis,0.1076923076923077,0.09835393068649564,0.03611551009634478,0.7569290482475081,False
20,4,Nastia Liukin,0.11076923076923077,0.09807994642747267,0.03703179981152441,0.767344564795346,False
20,4,Michael Sam,0.09230769230769231,0.05285192654518957,0.01184561512754559,0.9294628346111855,True
20,4,Robert Herjavec,0.10461538461538461,0.10615262600029855,0.03909304372220643,0.7799051293038046,False
20,4,Noah Galloway,0.09846153846153846,0.10498206802898476,0.039314092634248635,0.7321081812417218,False
20,4,Patti LaBelle,0.09230769230769231,0.10955885617686606,0.03994125438811068,0.7517928881516538,False
20,4,Chris Soules,0.08307692307692308,0.1092588320125614,0.03535027406872062,0.7805536562515668,False
20,5,Suzanne Somers,0.0989399293286219,0.060837960452672646,0.013166169347412996,0.9234394961684989,True
20,5,Willow Shields,0.12014134275618374,0.11594473512692208,0.04325554800066573,0.6270661485614595,False
20,5,Riker Lynch,0.13427561837455831,0.11383665793888148,0.04410696195075912,0.7017341985514753,False
20,5,Rumer Willis,0.13780918727915195,0.10973459957388007,0.044293847430044275,0.742668118000841,False
20,5,Nastia Liukin,0.13427561837455831,0.11518124301928723,0.047860855486512414,0.6209730034724762,False
20,5,Robert Herjavec,0.08480565371024736,0.1273202606965583,0.03839592087699805,0.7481468701573335,False
20,5,Noah Galloway,0.0989399293286219,0.12367553029222679,0.04506611743411626,0.7144446798673156,False
20,5,Patti LaBelle,0.09540636042402827,0.11290643240097406,0.035523221962531916,0.7489012080447546,False
20,5,Chris Soules,0.09540636042402827,0.12056258049859768,0.04086730935735409,0.7374229160740722,False
20,6,Willow Shields,0.12897526501766785,0.13906119552588675,0.053122894463166356,0.6795041920718465,False
20,6,Riker Lynch,0.13427561837455831,0.12400951953908752,0.050203764011878226,0.6611123262552422,False
20,6,Rumer Willis,0.1254416961130742,0.13370740826300323,0.051743185053436475,0.6441609676522674,False
20,6,Nastia Liukin,0.12897526501766785,0.13055956823307982,0.04739727450250823,0.6966290627669538,False
20,6,Robert Herjavec,0.11837455830388692,0.13641583890864425,0.04857497216620867,0.6554879290838778,False
20,6,Noah Galloway,0.12014134275618374,0.13755857109501898,0.04704540834720012,0.6513785506554906,False
20,6,Patti LaBelle,0.12014134275618374,0.06732603594788707,0.016042335828339038,0.9003581747669793,True
20,6,Chris Soules,0.12367491166077739,0.1313618624873922,0.04264704223243783,0.7662712588114133,False
20,7,Willow Shields,0.15354330708661418,0.07129292290719985,0.015498046653436254,0.9139659856684792,True
20,7,Riker Lynch,0.14566929133858267,0.1549115643033197,0.0500132860548376,0.7235394092324448,False
20,7,Rumer Willis,0.14566929133858267,0.14848215212352373,0.05256979718561861,0.5963048839304833,False
20,7,Nastia Liukin,0.16141732283464566,0.13871991742578055,0.049144831793269644,0.6618385400244915,False
20,7,Robert Herjavec,0.1220472440944882,0.1632093581970896,0.042238595109791666,0.7375367167909246,False
20,7,Noah Galloway,0.14960629921259844,0.15912281109849238,0.05328821027779429,0.6533275499649754,False
20,7,Chris Soules,0.1220472440944882,0.16426127394459408,0.04561608655676,0.6657529336073108,False
20,8,Riker Lynch,0.18439716312056736,0.18599447176922845,0.061631367775149624,0.5759211929279989,False
20,8,Rumer Willis,0.18912529550827423,0.179832493089902,0.05451222261937946,0.6813341558055424,False
20,8,Nastia Liukin,0.17966903073286053,0.18838524907738585,0.057222514225428324,0.6661742006406897,False
20,8,Robert Herjavec,0.14657210401891252,0.11726130258605977,0.028505621728881173,0.8476257364998631,True
20,8,Noah Galloway,0.14893617021276595,0.21447189477050727,0.05804606252885121,0.6223819833301968,False
20,8,Chris Soules,0.15130023640661938,0.11405458870691594,0.02830660123571621,0.8602020479429779,True
20,9,Riker Lynch,0.25477707006369427,0.27897872702583176,0.07716505615808031,0.5535068641213751,False
20,9,Rumer Willis,0.2484076433121019,0.2860515292360679,0.08075048291826303,0.539409432448113,False
20,9,Nastia Liukin,0.25477707006369427,0.15504430065603256,0.03448995846083491,0.829791818057632,True
20,9,Noah Galloway,0.24203821656050956,0.2799254430820676,0.07166378367667812,0.5696562643908961,False
20,10,Riker Lynch,0.3448275862068966,0.33918938279710237,0.11042824762902463,0.3624327643202112,False
20,10,Rumer Willis,0.3448275862068966,0.3254433887716601,0.11114103541357334,0.386295710104808,False
20,10,Noah Galloway,0.3103448275862069,0.33536722843123795,0.1116325112468694,0.35983822836022217,False
21,1,Gary Busey,0.06,0.07600426717822187,0.030205864177288305,0.8028209114075713,False
21,1,Alexa PenaVega,0.088,0.07812993614721742,0.03422464274463528,0.7717061006174732,False
21,1,Carlos PenaVega,0.092,0.07716037925749394,0.030538875574442518,0.7900596392624908,False
21,1,Victor Espinoza,0.06,0.0783576554327544,0.034827295828671403,0.7868420620265006,False
21,1,Alek Skarlatos,0.088,0.07708991694408168,0.030587389027827396,0.7840959184513291,False
21,1,Chaka Khan,0.052,0.07470197439380116,0.028130591179510313,0.8084833034642515,False
21,1,Andy Grammer,0.084,0.0743731198563685,0.0283944624310256,0.8065317721003137,False
21,1,Tamar Braxton,0.092,0.07626940164308811,0.0307948104083064,0.8072399766847835,False
21,1,Nick Carter,0.096,0.07902927620477228,0.032074060271126525,0.7105769532312245,False
21,1,Hayes Grier,0.084,0.07844863499646311,0.031157116324704692,0.7776692601694333,False
21,1,Bindi Irwin,0.096,0.07685062878929293,0.032413438263031426,0.7644302203984848,False
21,1,Kim Zolciak-Biermann,0.048,0.08043452488250849,0.03371378121289326,0.768090749157775,False
21,1,Paula Deen,0.06,0.07315028427393637,0.03020095768392617,0.7978826112221598,False
21,2,Gary Busey,0.06099815157116451,0.08643174890863752,0.027208254423005642,0.7926729217171056,False
21,2,Alexa PenaVega,0.08502772643253234,0.07763785262268764,0.02921221110002891,0.8008221552425913,False
21,2,Carlos PenaVega,0.08317929759704251,0.08526241268068181,0.03614496294695297,0.7699461989902794,False
21,2,Victor Espinoza,0.06839186691312385,0.04276556782159613,0.009495401175324427,0.9438903749254424,True
21,2,Alek Skarlatos,0.08317929759704251,0.07888154905315975,0.0286089942749948,0.7809092609159733,False
21,2,Chaka Khan,0.05545286506469501,0.05140799879335707,0.013411970882953272,0.9305645988027624,True
21,2,Andy Grammer,0.08133086876155268,0.07847366259766149,0.03004347311333434,0.7803185062616772,False
21,2,Tamar Braxton,0.09057301293900184,0.08101513399524261,0.029864505482363465,0.7754843114384815,False
21,2,Nick Carter,0.08317929759704251,0.07951741962861433,0.02825017567937536,0.8183448925459239,False
21,2,Hayes Grier,0.08317929759704251,0.07828443835861143,0.03174914953371609,0.7734268778666413,False
21,2,Bindi Irwin,0.08872458410351201,0.08438485586763815,0.03210783510784214,0.7539915185300561,False
21,2,Kim Zolciak-Biermann,0.06839186691312385,0.08752674984262189,0.029554384386408523,0.8423271284589171,False
21,2,Paula Deen,0.06839186691312385,0.08841060982949014,0.030401143299936977,0.8108119169135057,False
21,3,Gary Busey,0.08196721311475409,0.10176610945882207,0.04037814796267034,0.7189483213949761,False
21,3,Alexa PenaVega,0.1180327868852459,0.09865976882718121,0.03871384513539427,0.7513857056840835,False
21,3,Carlos PenaVega,0.10163934426229508,0.10405271304615087,0.041521502123893474,0.7195416909405545,False
21,3,Alek Skarlatos,0.10819672131147541,0.09738154176251793,0.0369369332837437,0.7964431896129106,False
21,3,Andy Grammer,0.09508196721311475,0.10372928374249629,0.04011894562431282,0.7335327818034811,False
21,3,Tamar Braxton,0.10819672131147541,0.09616237626111934,0.040702472254070116,0.7278791133684831,False
21,3,Nick Carter,0.1180327868852459,0.09769457457118244,0.039987943868986284,0.7434503988066435,False
21,3,Hayes Grier,0.09836065573770492,0.10018630683349979,0.03861200665656621,0.7227109280400292,False
21,3,Bindi Irwin,0.10491803278688525,0.09886523520311577,0.03832138761948589,0.7650618436705975,False
21,3,Paula Deen,0.06557377049180328,0.10150209029391419,0.0420026912982405,0.7289868069135066,False
21,4,Gary Busey,0.06779661016949153,0.0652891659327646,0.01631990337486814,0.8960933488134383,True
21,4,Alexa PenaVega,0.08898305084745763,0.10226069842569549,0.0359991217168323,0.7112325668656057,False
21,4,Carlos PenaVega,0.1059322033898305,0.10673309524120501,0.04499885337233248,0.6626587850826778,False
21,4,Alek Skarlatos,0.1016949152542373,0.10286422372487401,0.040634576366971695,0.7438386766477594,False
21,4,Andy Grammer,0.09745762711864407,0.1011072396759699,0.04098784874581517,0.7136609865503456,False
21,4,Tamar Braxton,0.11440677966101695,0.09664356460697687,0.03888878959330249,0.7327411669305941,False
21,4,Nick Carter,0.11440677966101695,0.10704450051380592,0.041532074323798386,0.7321736013048845,False
21,4,Hayes Grier,0.11440677966101695,0.1020202677338793,0.037866957752668594,0.7471751933612079,False
21,4,Bindi Irwin,0.11864406779661017,0.10309102873698207,0.04266575028334482,0.7577143726981339,False
21,4,Paula Deen,0.07627118644067797,0.11294621540784695,0.039696146039237115,0.6972008444260032,False
21,5,Alexa PenaVega,0.132890365448505,0.10838414561464761,0.041373676714373454,0.7357375372242503,False
21,5,Carlos PenaVega,0.12956810631229235,0.11244811139058063,0.04408442042464352,0.685843924652241,False
21,5,Alek Skarlatos,0.09634551495016612,0.11148582076387424,0.04571304928757862,0.7175265863005711,False
21,5,Andy Grammer,0.11960132890365449,0.10834404665604863,0.04300865579420838,0.6765451108987965,False
21,5,Tamar Braxton,0.09634551495016612,0.10985153135427596,0.04194976822005691,0.7296959574561467,False
21,5,Nick Carter,0.11627906976744186,0.11322388556518148,0.04507207692905154,0.7021207976203446,False
21,5,Hayes Grier,0.09966777408637874,0.10797863032572219,0.04255322581367228,0.7557166238001067,False
21,5,Bindi Irwin,0.12292358803986711,0.11492813521744834,0.04354221377694518,0.6962997614446254,False
21,5,Paula Deen,0.08637873754152824,0.11335569311222113,0.04738419697377606,0.7004380037698901,False
21,6,Alexa PenaVega,0.09584664536741214,0.1218782751224122,0.04641498619306252,0.6757238285509342,False
21,6,Carlos PenaVega,0.12140575079872204,0.11258154264941812,0.04632397372807288,0.6890477596151019,False
21,6,Alek Skarlatos,0.09584664536741214,0.1208140560769633,0.04464616875734206,0.6260019150760892,False
21,6,Andy Grammer,0.12779552715654952,0.11774914692442372,0.045687969726792066,0.6953961659928549,False
21,6,Tamar Braxton,0.12779552715654952,0.10892275033477469,0.044926110197772505,0.658200951548781,False
21,6,Nick Carter,0.12460063897763578,0.11539739105066794,0.045351921439288144,0.7271506113164167,False
21,6,Hayes Grier,0.10223642172523961,0.11950895637781776,0.04821393812358406,0.6472314680292658,False
21,6,Bindi Irwin,0.12779552715654952,0.11000871787873442,0.04156357093025876,0.76353285924354,False
21,6,Paula Deen,0.07667731629392971,0.07313916358478771,0.018219206810253,0.8995659673427255,True
21,7,Alexa PenaVega,0.1244343891402715,0.141936858611454,0.05379374451140465,0.5467478867541434,False
21,7,Carlos PenaVega,0.12669683257918551,0.132268794599676,0.04438396929844402,0.6778111030109105,False
21,7,Alek Skarlatos,0.11990950226244344,0.13092783987687,0.0446564218843042,0.7120306751833907,False
21,7,Andy Grammer,0.12669683257918551,0.1363141117993469,0.04593840763145218,0.6796564593609915,False
21,7,Tamar Braxton,0.12217194570135746,0.13355125440518065,0.04061340222301939,0.7639794685656057,False
21,7,Nick Carter,0.12217194570135746,0.13202729793408588,0.04824090519198215,0.6822016509795976,False
21,7,Hayes Grier,0.12669683257918551,0.06396896284747489,0.015291347263672745,0.911328122095341,True
21,7,Bindi Irwin,0.13122171945701358,0.12900487992591203,0.044131671586486614,0.7325585723361125,False
21,8,Alexa PenaVega,0.13917465724120798,0.15837983464389185,0.0573182946713781,0.5791875035278805,False
21,8,Carlos PenaVega,0.14948396747618808,0.14209194927886976,0.04964398764380525,0.6648041560795384,False
21,8,Alek Skarlatos,0.12886637793725136,0.15968241989598053,0.05175337961882088,0.6689023205537743,False
21,8,Andy Grammer,0.12371069188873782,0.08985140936675888,0.01959646448351477,0.8939808794462565,True
21,8,Tamar Braxton,0.14433034328972152,0.15144430482895235,0.05080717461468489,0.6848902591889243,False
21,8,Nick Carter,0.1701036188771718,0.14066112343082754,0.05364733600347938,0.6859202217059132,False
21,8,Bindi Irwin,0.14433034328972152,0.1578889585547192,0.05588335277612475,0.6579008891898651,False
21,9,Alexa PenaVega,0.182370820668693,0.08588680825266468,0.01887454004583865,0.8921131931284038,True
21,9,Carlos PenaVega,0.1641337386018237,0.18680677196324802,0.05626854264739619,0.6617437455439716,False
21,9,Alek Skarlatos,0.15501519756838905,0.19135775537160293,0.05785705854538687,0.6036631344578403,False
21,9,Tamar Braxton,0.14893617021276595,0.18590637852698508,0.0526356246770978,0.6379233449035582,False
21,9,Nick Carter,0.16717325227963525,0.17897329858200542,0.053815108955696335,0.6578766178097021,False
21,9,Bindi Irwin,0.182370820668693,0.17106898730349362,0.05460532410675791,0.6575499520181936,False
21,10,Carlos PenaVega,0.26582278481012656,0.244053099065044,0.08782650684092194,0.5291902415293497,False
21,10,Alek Skarlatos,0.24050632911392406,0.259819685071707,0.08998107632828978,0.4323743633824,False
21,10,Nick Carter,0.22784810126582278,0.2539507309538555,0.09304664506718116,0.4591774446729313,False
21,10,Bindi Irwin,0.26582278481012656,0.24217648490939298,0.08680644839252326,0.502190198681072,False
21,11,Carlos PenaVega,0.25423750359110475,0.15519259334368937,0.03626493198948297,0.8232442782995699,True
21,11,Alek Skarlatos,0.23728748922668577,0.2904532936709708,0.07837777173311543,0.5090078591437683,False
21,11,Nick Carter,0.25423750359110475,0.26964987860908624,0.07578406689208539,0.5732799979635005,False
21,11,Bindi Irwin,0.25423750359110475,0.28470423437625414,0.07781051813838329,0.5097268325240353,False
22,1,Mischa Barton,0.06751054852320675,0.07970123171662893,0.03287858187719845,0.7946051879940206,False
22,1,Kim Fields,0.08438818565400844,0.08773192559339454,0.03701433539634531,0.6969552961963562,False
22,1,Jodie Sweetin,0.08438818565400844,0.0808515316113832,0.03281161592233953,0.7773259324814384,False
22,1,Doug Flutie,0.06329113924050633,0.08443607308726145,0.033340329673549045,0.7410041347937337,False
22,1,Von Miller,0.08860759493670886,0.08316720972041004,0.03340406966176045,0.7824617551325527,False
22,1,Antonio Brown,0.08860759493670886,0.08360375242759827,0.03410733522918281,0.7818925659128585,False
22,1,Paige VanZant,0.08860759493670886,0.08369338252696777,0.033821368873715674,0.7815009021694145,False
22,1,Geraldo Rivera,0.05485232067510549,0.0846231812907068,0.034369686285729104,0.7756762775461745,False
22,1,Nyle DiMarco,0.0970464135021097,0.08654908589668978,0.03563278645298672,0.7539973687376387,False
22,1,Ginger Zee,0.0970464135021097,0.08589093600577465,0.03482812771827951,0.7490675128603904,False
22,1,Wanya Morris,0.0970464135021097,0.0806804213672059,0.034096020237202616,0.7639102497129688,False
22,1,Marla Maples,0.08860759493670886,0.07907126875597928,0.03164805417915208,0.7916092217239015,False
22,2,Mischa Barton,0.0635593220338983,0.08904422653017972,0.029979493500248013,0.7976890698505741,False
22,2,Kim Fields,0.08050847457627118,0.08583519054599874,0.03287110796013093,0.7517656336458995,False
22,2,Jodie Sweetin,0.08898305084745763,0.08323003767215968,0.03311831334978872,0.7597517747902777,False
22,2,Doug Flutie,0.0847457627118644,0.09022631613681538,0.036540005061213174,0.7596848329389695,False
22,2,Von Miller,0.0847457627118644,0.08415767377534292,0.03326262129801073,0.7706730452807506,False
22,2,Antonio Brown,0.08050847457627118,0.08281640981225118,0.03264111981190627,0.7930498877081972,False
22,2,Paige VanZant,0.1016949152542373,0.08619271665741678,0.032513466696650284,0.8073867929877953,False
22,2,Geraldo Rivera,0.05508474576271186,0.05543686492048823,0.012638643109447277,0.9259960020945551,True
22,2,Nyle DiMarco,0.0847457627118644,0.08323293133203502,0.031934842949981085,0.7568381977989642,False
22,2,Ginger Zee,0.08898305084745763,0.0893989540140416,0.036033035206824444,0.7341557513744238,False
22,2,Wanya Morris,0.1016949152542373,0.08451043716511693,0.03386194646436729,0.8092290146112007,False
22,2,Marla Maples,0.0847457627118644,0.08591824143815384,0.034746236436368476,0.6798630790397421,False
22,3,Mischa Barton,0.0759493670886076,0.05240249349824627,0.011830135201595912,0.9302484005498373,True
22,3,Kim Fields,0.09282700421940929,0.09285513784134358,0.034819474767738556,0.7307527134603042,False
22,3,Jodie Sweetin,0.0970464135021097,0.09923116845849526,0.03842620599080702,0.7641979723847913,False
22,3,Doug Flutie,0.08438818565400844,0.09689890072985895,0.035893265678246036,0.7571277523202383,False
22,3,Von Miller,0.08438818565400844,0.09448425380819102,0.03336789765641209,0.7709458822184838,False
22,3,Antonio Brown,0.08438818565400844,0.09191948313154304,0.03479330735198592,0.7311782139080807,False
22,3,Paige VanZant,0.0970464135021097,0.09793581466878828,0.03646681573315529,0.7220833738428205,False
22,3,Nyle DiMarco,0.10548523206751055,0.09243046072488227,0.03491358395125861,0.7185681648937634,False
22,3,Ginger Zee,0.08860759493670886,0.09448220829083397,0.03668287855425589,0.7505674438475048,False
22,3,Wanya Morris,0.10126582278481013,0.09291267677876273,0.03671234030267764,0.7374826577020215,False
22,3,Marla Maples,0.08860759493670886,0.09444740206905433,0.03317567170403753,0.8051413679554669,False
22,4,Kim Fields,0.10031347962382445,0.0967660562659096,0.03338165699597918,0.8041271891550648,False
22,4,Jodie Sweetin,0.08463949843260188,0.10815343452934174,0.03631580902481529,0.7995285970411324,False
22,4,Doug Flutie,0.07523510971786834,0.11825349064123176,0.03791327662746601,0.7794775989117471,False
22,4,Von Miller,0.10031347962382445,0.10325439804816385,0.03829084532296024,0.7290816143405129,False
22,4,Antonio Brown,0.109717868338558,0.10381684069632738,0.035796061572468646,0.8144872656660859,False
22,4,Paige VanZant,0.11285266457680251,0.10397320714311356,0.04243310033919606,0.7533001346608024,False
22,4,Nyle DiMarco,0.10658307210031348,0.10498283484557354,0.03973149235410506,0.7384200262403703,False
22,4,Ginger Zee,0.11285266457680251,0.10335299592865113,0.039157593818204925,0.7400327533146377,False
22,4,Wanya Morris,0.109717868338558,0.10152179139457167,0.038045677662708506,0.7722213453619631,False
22,4,Marla Maples,0.0877742946708464,0.055924950507115635,0.01221907356909763,0.9361457454716134,True
22,5,Kim Fields,0.10144927536231885,0.11182684559956944,0.043553543150764026,0.7069705236120263,False
22,5,Jodie Sweetin,0.12681159420289856,0.10674207907273316,0.04018261038966584,0.7669915854644326,False
22,5,Doug Flutie,0.10144927536231885,0.11086484459067233,0.04389856323077073,0.7074932613173801,False
22,5,Von Miller,0.10507246376811594,0.11331699392383936,0.04382094917175019,0.7022647257395165,False
22,5,Antonio Brown,0.09420289855072464,0.11312824590238266,0.04611667746373745,0.708759728194325,False
22,5,Paige VanZant,0.11231884057971014,0.11280884255368538,0.0415547054064923,0.682948796405275,False
22,5,Nyle DiMarco,0.13405797101449277,0.11210611697047933,0.04528014644684669,0.6884332816202918,False
22,5,Ginger Zee,0.11594202898550725,0.10896034157495033,0.04446424291276863,0.7203344003528156,False
22,5,Wanya Morris,0.10869565217391304,0.11024568981168821,0.0424888221922161,0.7337435152114096,False
22,6,Kim Fields,0.10572687224669604,0.11747021282110504,0.04081904904789559,0.7523855227547105,False
22,6,Jodie Sweetin,0.11013215859030837,0.1151850388579008,0.04295788127431075,0.7380662896736228,False
22,6,Doug Flutie,0.09251101321585903,0.06614538296073558,0.01557304226704806,0.9109213629366217,True
22,6,Von Miller,0.10572687224669604,0.11621565679128792,0.041995513331090764,0.7304347864881102,False
22,6,Antonio Brown,0.11894273127753303,0.11414915396563845,0.04174444439180425,0.771494727514432,False
22,6,Paige VanZant,0.12334801762114538,0.11649367570323632,0.04285483872730684,0.7533267148288514,False
22,6,Nyle DiMarco,0.11013215859030837,0.12249245790176837,0.04374643642524169,0.6502943766578787,False
22,6,Ginger Zee,0.10572687224669604,0.11729640675818814,0.04190647952057415,0.7138789807932451,False
22,6,Wanya Morris,0.1277533039647577,0.11455201424013906,0.04615235780983628,0.6768455580049682,False
22,7,Kim Fields,0.12149532710280374,0.07411860409289377,0.017023905349995726,0.9038918594420396,True
22,7,Jodie Sweetin,0.1191588785046729,0.15165061610838887,0.046521399634901976,0.7488029687881044,False
22,7,Von Miller,0.12149532710280374,0.07456321412408781,0.017845260756535985,0.897358653239445,True
22,7,Antonio Brown,0.12149532710280374,0.14120032037952682,0.04269923852117714,0.7348070014187109,False
22,7,Paige VanZant,0.12850467289719625,0.14065717830319827,0.04846617809321128,0.598675456421749,False
22,7,Nyle DiMarco,0.1308411214953271,0.14182919234901736,0.0519168697726735,0.6417161741155213,False
22,7,Ginger Zee,0.12850467289719625,0.13565366536081117,0.04005152841442576,0.7884667740971435,False
22,7,Wanya Morris,0.12850467289719625,0.14032720928207545,0.04833713501392014,0.6774639228783612,False
22,8,Jodie Sweetin,0.17751479289940827,0.08793926326132281,0.019217756944837242,0.8854325759073567,True
22,8,Antonio Brown,0.15976331360946747,0.18761131310626059,0.059573873899333316,0.534586286740911,False
22,8,Paige VanZant,0.16568047337278108,0.18783940337898622,0.05689824457967798,0.6658716489564354,False
22,8,Nyle DiMarco,0.17159763313609466,0.1773646098208817,0.05511567253285455,0.6447812084211132,False
22,8,Ginger Zee,0.17751479289940827,0.17175617462404574,0.05637642571067616,0.6212428565994021,False
22,8,Wanya Morris,0.14792899408284024,0.18748923580850374,0.05231998381946966,0.5508315844464432,False
22,9,Antonio Brown,0.1916376306620209,0.14184641554567268,0.03324914425815331,0.81942537331155,True
22,9,Paige VanZant,0.20557491289198607,0.234609643337497,0.05971742850146811,0.5929817989549665,False
22,9,Nyle DiMarco,0.1986062717770035,0.24157846887311948,0.0626281392927228,0.5707389156558045,False
22,9,Ginger Zee,0.1951219512195122,0.2517389247346415,0.06427007165805523,0.6158883647268307,False
22,9,Wanya Morris,0.20905923344947736,0.13022654750906862,0.028687364363973494,0.8383734381285424,True
22,10,Paige VanZant,0.340996970101012,0.3360821007801571,0.1076062279255872,0.37317736668295587,False
22,10,Nyle DiMarco,0.3333325670462853,0.3317157865557759,0.11066432514067033,0.31961490468627574,False
22,10,Ginger Zee,0.3256704628527028,0.33220211266406796,0.11015001208909563,0.22817530941045094,False
23,1,Jake T. Austin,0.06666666666666667,0.076360262028538,0.031208434670681295,0.8112025955321328,False
23,1,Maureen McCormick,0.06666666666666667,0.07677383025971225,0.02971261098191804,0.8325848384609355,False
23,1,Marilu Henner,0.08181818181818182,0.07935862673699802,0.03027972051092489,0.7942261690819146,False
23,1,Ryan Lochte,0.07272727272727272,0.07773687174429487,0.03063154088792057,0.8145869583601208,False
23,1,Calvin Johnson Jr.,0.07878787878787878,0.07478389188592312,0.0285064722994849,0.8294329309180537,False
23,1,Laurie Hernandez,0.09393939393939393,0.07419096709727359,0.030238023216555318,0.7753722119369665,False
23,1,Amber Rose,0.07272727272727272,0.07748633399578338,0.03307232559009822,0.7627685085142373,False
23,1,Rick Perry,0.06060606060606061,0.07942454165723135,0.03275828618071395,0.7607310641671715,False
23,1,James Hinchcliffe,0.09393939393939393,0.07618672326443336,0.03156482859015191,0.8037374619228235,False
23,1,Babyface,0.07878787878787878,0.07415452016785698,0.029294601758253828,0.7883707333093765,False
23,1,Vanilla Ice,0.07575757575757576,0.07973447691910196,0.03321218056170616,0.7978209049398421,False
23,1,Jana Kramer,0.08181818181818182,0.07518440463742203,0.029172070447194335,0.7973724863643858,False
23,1,Terra Jole,0.07575757575757576,0.07862454960543129,0.03291139265188758,0.7736584000452543,False
23,2,Jake T. Austin,0.06818181818181818,0.04077949376008729,0.009310670513114436,0.9445047291170703,True
23,2,Maureen McCormick,0.07386363636363637,0.08268776674997534,0.029180140854743734,0.765273603260944,False
23,2,Marilu Henner,0.07670454545454546,0.0787002616154443,0.03364697990374423,0.7693663907686699,False
23,2,Ryan Lochte,0.06818181818181818,0.08306341640758223,0.03012843136722315,0.7261947905765131,False
23,2,Calvin Johnson Jr.,0.07954545454545454,0.07786889357405441,0.031737056113201996,0.7581990050129302,False
23,2,Laurie Hernandez,0.09090909090909091,0.07767051185873734,0.032564698991553974,0.777570401775669,False
23,2,Amber Rose,0.06818181818181818,0.08333284859682846,0.032403158784058285,0.7412581447580489,False
23,2,Rick Perry,0.0625,0.08420190949641057,0.0284352943946314,0.8104153549976307,False
23,2,James Hinchcliffe,0.08238636363636363,0.07852273035365076,0.030476997927906455,0.8074747911893799,False
23,2,Babyface,0.08522727272727272,0.07878792395245601,0.03372663586542257,0.7840359390559246,False
23,2,Vanilla Ice,0.07386363636363637,0.07901125032030497,0.03027006416883159,0.8035948463864677,False
23,2,Jana Kramer,0.08238636363636363,0.08140801574979149,0.030770879941301774,0.7900956514733894,False
23,2,Terra Jole,0.08806818181818182,0.07396497756467708,0.02725546937663174,0.8234122021654271,False
23,3,Maureen McCormick,0.08615384615384615,0.08496113326263553,0.03476330224697563,0.7758035258888591,False
23,3,Marilu Henner,0.08615384615384615,0.08052335407195767,0.027562132073164457,0.8311222296537812,False
23,3,Ryan Lochte,0.07692307692307693,0.08939839560239746,0.033103560010027164,0.7797544419558935,False
23,3,Calvin Johnson Jr.,0.09846153846153846,0.08755264668600135,0.03775157352813568,0.7805737952171954,False
23,3,Laurie Hernandez,0.09538461538461539,0.08362499571322655,0.03677417687087894,0.7522315483973641,False
23,3,Amber Rose,0.07692307692307693,0.08827276715731984,0.033627444209637924,0.8015369267416507,False
23,3,Rick Perry,0.07076923076923076,0.046995794556862515,0.009985664051997295,0.9441634907535607,True
23,3,James Hinchcliffe,0.08923076923076922,0.08606626932135572,0.03396220115262476,0.7741502513915945,False
23,3,Babyface,0.07692307692307693,0.08775160035099927,0.03271762229371363,0.7900012347717333,False
23,3,Vanilla Ice,0.07076923076923076,0.0919819337732058,0.033338646165440355,0.7303499373468345,False
23,3,Jana Kramer,0.08,0.09097012491618225,0.035584067430169335,0.7787367427902717,False
23,3,Terra Jole,0.09230769230769231,0.08190098458785605,0.03443956908595228,0.7772030581698296,False
23,4,Maureen McCormick,0.09195402298850575,0.10298582128460294,0.035619566929534316,0.7482721791331628,False
23,4,Marilu Henner,0.08045977011494253,0.10339113092661509,0.031864083195642975,0.8088423751649727,False
23,4,Ryan Lochte,0.0842911877394636,0.10342236167964908,0.03993087105560962,0.7130786135695544,False
23,4,Calvin Johnson Jr.,0.08812260536398467,0.10007022887861085,0.035317308136698526,0.7383122253020483,False
23,4,Laurie Hernandez,0.11494252873563218,0.0923138157831042,0.03392824807144583,0.7635100410168508,False
23,4,Amber Rose,0.09195402298850575,0.10048187878265832,0.03465092496008227,0.7488050583865965,False
23,4,James Hinchcliffe,0.10727969348659004,0.08968100071829543,0.03223355272455163,0.7821015656128267,False
23,4,Babyface,0.06896551724137931,0.06014620499295884,0.014514252161780612,0.9206704190302898,True
23,4,Vanilla Ice,0.08812260536398467,0.05021070065167161,0.01097477943002,0.939502120711636,True
23,4,Jana Kramer,0.08812260536398467,0.09818918391564811,0.03339787475904859,0.7683549133905813,False
23,4,Terra Jole,0.09578544061302682,0.09910767238618529,0.034032585282950785,0.7457139060932885,False
23,5,Maureen McCormick,0.10434782608695652,0.11311426166602633,0.043777109172237594,0.7179772202866885,False
23,5,Marilu Henner,0.11739130434782609,0.10632615534057592,0.04327775075016005,0.7385407799845018,False
23,5,Ryan Lochte,0.10434782608695652,0.11108470191099558,0.04409876785786837,0.5636383714081223,False
23,5,Calvin Johnson Jr.,0.10434782608695652,0.1143445979226887,0.046529616688016175,0.6783062640998953,False
23,5,Laurie Hernandez,0.10869565217391304,0.10905393188202984,0.042974611928200235,0.7096360702042721,False
23,5,Amber Rose,0.10434782608695652,0.11144099228723965,0.0434091671053922,0.726019343687005,False
23,5,James Hinchcliffe,0.12608695652173912,0.11037737717412487,0.041996436144025116,0.7050222169023618,False
23,5,Jana Kramer,0.11304347826086956,0.11188760593422219,0.043342902958920605,0.722665489093073,False
23,5,Terra Jole,0.11739130434782609,0.1123703758820974,0.043750217606891156,0.7065124015226246,False
23,6,Maureen McCormick,0.10163934426229508,0.11962104409430174,0.041575407637759056,0.7068839712479998,False
23,6,Marilu Henner,0.11147540983606558,0.11603845888153039,0.041091146428034554,0.7721868448698912,False
23,6,Ryan Lochte,0.09836065573770492,0.11918436893961334,0.039687749972896834,0.7131999643371867,False
23,6,Calvin Johnson Jr.,0.12131147540983607,0.11828248170967082,0.04485948057962186,0.7256246920445786,False
23,6,Laurie Hernandez,0.12131147540983607,0.11173415010515143,0.04274656671633544,0.6475916302734203,False
23,6,Amber Rose,0.09180327868852459,0.0681222278258729,0.01519327971453389,0.9060459297564989,True
23,6,James Hinchcliffe,0.12459016393442623,0.10726965800819883,0.039557463515788704,0.7571233849392469,False
23,6,Jana Kramer,0.13114754098360656,0.11608224478517236,0.04287858942858048,0.6391648228785791,False
23,6,Terra Jole,0.09836065573770492,0.12366536565048813,0.0452704333380845,0.6598129898487968,False
23,7,Maureen McCormick,0.11978221415607986,0.06843689030477255,0.015792739726660128,0.888860280939254,True
23,7,Marilu Henner,0.1161524500907441,0.13863398445925074,0.04452902588337021,0.7025480616943213,False
23,7,Ryan Lochte,0.11978221415607986,0.1401459948026501,0.048172404495790314,0.6639299832423076,False
23,7,Calvin Johnson Jr.,0.13430127041742287,0.12792334388874727,0.04506483213002619,0.727021152368732,False
23,7,Laurie Hernandez,0.12522686025408347,0.131844156723719,0.04744437302815,0.6463151396685608,False
23,7,James Hinchcliffe,0.13430127041742287,0.12529589559783458,0.046778209208886014,0.7171043787871831,False
23,7,Jana Kramer,0.12522686025408347,0.13491288213985286,0.04713301326636722,0.7294293288699685,False
23,7,Terra Jole,0.12522686025408347,0.13280685208317283,0.04939912103917398,0.6560979330204012,False
23,8,Marilu Henner,0.11442797455519857,0.17191013666946123,0.054323714760948515,0.6095616328061638,False
23,8,Ryan Lochte,0.12935336254065924,0.08567378156163438,0.01981561125127143,0.8856880577014605,True
23,8,Calvin Johnson Jr.,0.14925387985460684,0.14235602298047156,0.05071004044894205,0.6441258052802743,False
23,8,Laurie Hernandez,0.1641792678400675,0.14212296247009348,0.055898510674340235,0.625842850024191,False
23,8,James Hinchcliffe,0.1741285314711756,0.14262776472048957,0.05255917899589338,0.6965516447252807,False
23,8,Jana Kramer,0.14925387985460684,0.150432645798799,0.054285414244825525,0.5671940671805633,False
23,8,Terra Jole,0.11940310388368545,0.16487668579905093,0.047645637487587815,0.7435274270450406,False
23,9,Marilu Henner,0.15859030837004406,0.09895582411721805,0.022935634622083013,0.87502969557551,True
23,9,Calvin Johnson Jr.,0.16299559471365638,0.18330746072209075,0.05946104539534666,0.5880004011306674,False
23,9,Laurie Hernandez,0.1762114537444934,0.17940692274523373,0.06378899312010619,0.5850314763795347,False
23,9,James Hinchcliffe,0.15859030837004406,0.18369250227064374,0.0632584676312947,0.5444530835294988,False
23,9,Jana Kramer,0.1762114537444934,0.17957665860571434,0.06488593600941069,0.4841272057438828,False
23,9,Terra Jole,0.16740088105726872,0.17506063153909915,0.05561263027738627,0.5614279363255156,False
23,10,Calvin Johnson Jr.,0.19112627986348124,0.22952913241033135,0.06361351183795697,0.636315217799264,False
23,10,Laurie Hernandez,0.20477815699658702,0.22051649518950767,0.06599783255067732,0.5203580760722746,False
23,10,James Hinchcliffe,0.20136518771331058,0.21031256562339984,0.06013501976027349,0.648942156819691,False
23,10,Jana Kramer,0.19795221843003413,0.22382117456609693,0.0676311703994667,0.5720163498831474,False
23,10,Terra Jole,0.20477815699658702,0.11582063221066356,0.026226706313805366,0.8489285156102846,True
23,11,Calvin Johnson Jr.,0.25191616266698036,0.27353062045734167,0.08032196822931834,0.5012104638698964,False
23,11,Laurie Hernandez,0.2584885858282496,0.2765126611593384,0.0777338390902511,0.48403686577284066,False
23,11,James Hinchcliffe,0.25629755904896034,0.28655414983096456,0.08372367028518221,0.45373720042434806,False
23,11,Jana Kramer,0.2332976924558098,0.16340256855235588,0.03755890686008802,0.8026394338290083,True
24,1,Charo,0.0695364238410596,0.08194535259733554,0.03277276644306012,0.7708845485307444,False
24,1,Mr. T,0.06622516556291391,0.08649053426155266,0.03414578952875533,0.771593206776013,False
24,1,Heather Morris,0.09271523178807947,0.07932603750135514,0.03260418802154137,0.760448363619409,False
24,1,Nancy Kerrigan,0.09271523178807947,0.08499549741595971,0.0357678944087923,0.7620425210580312,False
24,1,Bonner Bolton,0.0728476821192053,0.08533247593443928,0.03714399837578996,0.7446730943633932,False
24,1,Simone Biles,0.10596026490066225,0.08206442891438025,0.03421014622610707,0.7227403376539825,False
24,1,David Ross,0.09271523178807947,0.08027588926039667,0.03183642210191985,0.790651112375096,False
24,1,Rashad Jennings,0.10264900662251655,0.08278241503612345,0.0323509623887968,0.8076317756998082,False
24,1,Chris Kattan,0.056291390728476824,0.08253144882375357,0.03331294138384455,0.787976682842748,False
24,1,Erika Jayne,0.07947019867549669,0.08391181040616409,0.03537883967899894,0.7575773580477948,False
24,1,Normani,0.08940397350993377,0.08397859508519953,0.03355270120277117,0.765811347418663,False
24,1,Nick Viall,0.07947019867549669,0.0863655147633403,0.03688811283506057,0.745833393744981,False
24,2,Charo,0.07621951219512195,0.08769242571938299,0.033099197196630833,0.7827534810363186,False
24,2,Mr. T,0.06707317073170732,0.09196640367338468,0.033343900804405455,0.6669549612626045,False
24,2,Heather Morris,0.09146341463414634,0.08655949673634064,0.03484120991442807,0.774675102063628,False
24,2,Nancy Kerrigan,0.08536585365853659,0.08494194952302646,0.031980408417359114,0.7888335286278179,False
24,2,Bonner Bolton,0.08536585365853659,0.08707598523688205,0.033100937374374445,0.7531159878423623,False
24,2,Simone Biles,0.08841463414634146,0.08085760119572473,0.030126530602226052,0.789348716321728,False
24,2,David Ross,0.08231707317073171,0.09128031142679706,0.037374997805133855,0.786916789188621,False
24,2,Rashad Jennings,0.0975609756097561,0.08405144854472352,0.035412691655734234,0.7848205927790829,False
24,2,Chris Kattan,0.06707317073170732,0.04914906122326009,0.011501744736075242,0.9256577702468831,True
24,2,Erika Jayne,0.08536585365853659,0.08196407284949793,0.030242146182102254,0.8082983162732981,False
24,2,Normani,0.0975609756097561,0.08627520522942146,0.03793968392168839,0.7484007943530169,False
24,2,Nick Viall,0.07621951219512195,0.08818603864155802,0.0346661084146227,0.7558541884861535,False
24,3,Charo,0.0761904761904762,0.052141863389643474,0.011845485769939814,0.9271263321067712,True
24,3,Mr. T,0.0761904761904762,0.0955044246242096,0.033118889886878757,0.7502119653965903,False
24,3,Heather Morris,0.10476190476190476,0.0933748176945831,0.04227424930968072,0.7054414871153343,False
24,3,Nancy Kerrigan,0.10476190476190476,0.09179362692127382,0.03310308272974754,0.8018835011990796,False
24,3,Bonner Bolton,0.0761904761904762,0.09660938076429547,0.03283911312542587,0.7943725265188001,False
24,3,Simone Biles,0.10158730158730159,0.09448261321821458,0.04177039471121393,0.7705555776558553,False
24,3,David Ross,0.09841269841269841,0.10035556397374054,0.043145979176582756,0.6030696924816552,False
24,3,Rashad Jennings,0.08888888888888889,0.09517229702780636,0.038076821412907864,0.7630032015067716,False
24,3,Erika Jayne,0.08253968253968254,0.09308092485700156,0.03317764897892304,0.7863831622988501,False
24,3,Normani,0.10793650793650794,0.09556699175663878,0.03594967973504084,0.7540408787831248,False
24,3,Nick Viall,0.08253968253968254,0.09191749577259269,0.03156903318492392,0.7964680031788479,False
24,4,Mr. T,0.08588957055214724,0.05864677232085187,0.01254508077027466,0.9286943086612944,True
24,4,Heather Morris,0.10736196319018405,0.10610521379732002,0.03851032144251862,0.7582409124096816,False
24,4,Nancy Kerrigan,0.10122699386503067,0.10389603975015534,0.03834526283334721,0.7626789929089675,False
24,4,Bonner Bolton,0.09815950920245399,0.10557701603254606,0.03793927431647661,0.774036818441072,False
24,4,Simone Biles,0.11042944785276074,0.10629566413444508,0.041227417793782195,0.7549147872225925,False
24,4,David Ross,0.0950920245398773,0.10261717389624644,0.03596395845577846,0.7719169207824415,False
24,4,Rashad Jennings,0.1196319018404908,0.09809015658426855,0.03746527397247205,0.7584185070171613,False
24,4,Erika Jayne,0.09202453987730061,0.10871548640905201,0.035808118770024405,0.7979556558238912,False
24,4,Normani,0.09815950920245399,0.1001988179107079,0.03515777993164298,0.7949472478751367,False
24,4,Nick Viall,0.09202453987730061,0.10985765916440687,0.03712385732001641,0.7344146853575757,False
24,5,Heather Morris,0.1118421052631579,0.12146299917352363,0.04623437116067364,0.6750911273690237,False
24,5,Nancy Kerrigan,0.11842105263157894,0.1142186624143593,0.04238660077167803,0.6128794049605659,False
24,5,Bonner Bolton,0.09868421052631579,0.12138277544991696,0.038411596084940505,0.7038750052823743,False
24,5,Simone Biles,0.125,0.10744786632733073,0.038957072784066744,0.7416620245831009,False
24,5,David Ross,0.09539473684210527,0.12573072930649198,0.04266162202763298,0.7053711632094175,False
24,5,Rashad Jennings,0.10526315789473684,0.11764381936745895,0.04101178472728098,0.6977465909270617,False
24,5,Erika Jayne,0.10526315789473684,0.06038455720615584,0.013584778496527186,0.9278423270563974,True
24,5,Normani,0.12828947368421054,0.11759289877198158,0.04424361352098919,0.7499611575545064,False
24,5,Nick Viall,0.1118421052631579,0.1141356919827813,0.04527087916529599,0.7016483789049264,False
24,6,Heather Morris,0.137546468401487,0.057915727910385476,0.01263070462683891,0.922190972696082,True
24,6,Nancy Kerrigan,0.12453531598513011,0.12606940062145566,0.03948695118082605,0.7711062940265073,False
24,6,Bonner Bolton,0.1171003717472119,0.13587960005474292,0.04140909372843759,0.7643976112271268,False
24,6,Simone Biles,0.12825278810408922,0.13249184194740585,0.04525841064509101,0.6938136158371423,False
24,6,David Ross,0.11524163568773234,0.13771654918765788,0.041528002935043926,0.7306125020981005,False
24,6,Rashad Jennings,0.13011152416356878,0.13898066338991363,0.04986345849815065,0.7156901444316812,False
24,6,Normani,0.13382899628252787,0.1323361708310231,0.04502504340658783,0.7309776327050113,False
24,6,Nick Viall,0.11338289962825279,0.1386100460574154,0.0458268214852782,0.6668828604359223,False
24,7,Nancy Kerrigan,0.1422924901185771,0.08557680065750714,0.019102816206028765,0.8947279439029943,True
24,7,Bonner Bolton,0.1225296442687747,0.17160784316664937,0.04784186161839803,0.681091983596449,False
24,7,Simone Biles,0.1541501976284585,0.1579175317033105,0.05324757956861036,0.6711985946229184,False
24,7,David Ross,0.12648221343873517,0.1764038468317035,0.05149887995126246,0.6807127406013052,False
24,7,Rashad Jennings,0.1541501976284585,0.1641564789528342,0.054423047066313505,0.6868574512078384,False
24,7,Normani,0.16600790513833993,0.15494921534143244,0.057422660506755055,0.6591017110946151,False
24,7,Nick Viall,0.13438735177865613,0.08938828334656251,0.02190496853659615,0.8831261624889213,True
24,8,Bonner Bolton,0.166189111747851,0.13738736560872306,0.031917515907206,0.8389024315005478,True
24,8,Simone Biles,0.20630372492836677,0.22258700217319902,0.07254882924827474,0.5884968657127001,False
24,8,David Ross,0.18624641833810887,0.21970068795312167,0.0638508930868311,0.5454620982702814,False
24,8,Rashad Jennings,0.2148997134670487,0.21507907060377318,0.07453479750669292,0.5127282050578408,False
24,8,Normani,0.22636103151862463,0.2052458736611835,0.07485641197389543,0.5241597491711791,False
24,9,Simone Biles,0.264026402640264,0.14847316203832275,0.03393609623253547,0.825529974440436,True
24,9,David Ross,0.23102310231023102,0.2853460415427787,0.07589768847155204,0.5412500075198586,False
24,9,Rashad Jennings,0.25412541254125415,0.28626167851025536,0.07454554304969481,0.5534077596644539,False
24,9,Normani,0.2508250825082508,0.2799191179086426,0.07777953626246384,0.5125211689071572,False
24,10,David Ross,0.3150292500591764,0.34387718506175663,0.11274047895755969,0.42142645356794195,False
24,10,Rashad Jennings,0.3439307536171316,0.3341404629645412,0.11356969407103891,0.33196729365434674,False
24,10,Normani,0.34103999632369203,0.32198235197370245,0.10990954709776123,0.3290000723360855,False
25,1,Sasha Pieterse,0.07531380753138076,0.07959244158539051,0.03250889759540207,0.7779766901651003,False
25,1,Frankie Muniz,0.0794979079497908,0.07378469935778235,0.028922227504392946,0.8302387010248503,False
25,1,Jordan Fisher,0.09205020920502092,0.08087172623209547,0.03235125965089399,0.7819300365227703,False
25,1,Derek Fisher,0.07531380753138076,0.07517590687150724,0.03086678232992694,0.8079055684543842,False
25,1,Nikki Bella,0.08368200836820083,0.07556651108278988,0.029064719371374118,0.8126419270247748,False
25,1,Terrell Owens,0.06276150627615062,0.07746923378165672,0.03354515961762547,0.7569578834996575,False
25,1,Victoria Arlen,0.0794979079497908,0.07120627512402337,0.0290271901568568,0.7669279648455309,False
25,1,Barbara Corcoran,0.058577405857740586,0.08158969484319505,0.033498915145253993,0.7401024425317253,False
25,1,Lindsey Stirling,0.09205020920502092,0.07439921084169934,0.028533867370084686,0.7767547936211442,False
25,1,Debbie Gibson,0.07112970711297072,0.07722622495561268,0.03130228948265897,0.795669845269582,False
25,1,Nick Lachey,0.07531380753138076,0.07886725892492054,0.030487730370536346,0.7954600001019789,False
25,1,Drew Scott,0.06694560669456066,0.07518093219530438,0.031134820654548458,0.804957463611128,False
25,1,Vanessa Lachey,0.08786610878661087,0.0790698842040218,0.03172530271359702,0.7709777036518739,False
25,2,Sasha Pieterse,0.08226691042047532,0.07862010944434575,0.0279218413197825,0.786937636082162,False
25,2,Frankie Muniz,0.08775137111517367,0.07817650918498464,0.03239879742144837,0.7515658278374706,False
25,2,Jordan Fisher,0.08775137111517367,0.07705695461598225,0.02840009108835912,0.8310410174175399,False
25,2,Derek Fisher,0.06946983546617916,0.08430359066279622,0.03153082093920822,0.817890990302168,False
25,2,Nikki Bella,0.0712979890310786,0.0885492991831064,0.030324829680079636,0.7867331992688402,False
25,2,Terrell Owens,0.0712979890310786,0.0884405733577821,0.03450347388402474,0.7745434735207118,False
25,2,Victoria Arlen,0.08043875685557587,0.08112964810849839,0.029314014667690836,0.8055009393408015,False
25,2,Barbara Corcoran,0.062157221206581355,0.04781929809545847,0.01099319884621177,0.9428471197175308,True
25,2,Lindsey Stirling,0.08226691042047532,0.07789597258895793,0.027553654360348737,0.8440028632587911,False
25,2,Debbie Gibson,0.07495429616087751,0.04049585807832766,0.008517392482874506,0.9585805042470801,True
25,2,Nick Lachey,0.06946983546617916,0.08334536591314418,0.02798762389576022,0.8296153726632686,False
25,2,Drew Scott,0.07495429616087751,0.09034926109973622,0.033752703374594115,0.7886885678489184,False
25,2,Vanessa Lachey,0.08592321755027423,0.08381755966688034,0.033071342614760045,0.7865719470408628,False
25,3,Sasha Pieterse,0.0778688524590164,0.09225180445690691,0.037534284802274075,0.7759793205651638,False
25,3,Frankie Muniz,0.0860655737704918,0.08963022853430487,0.036444884362739786,0.714585932206501,False
25,3,Jordan Fisher,0.10245901639344263,0.09264662417287609,0.03750155620541405,0.7469627941624464,False
25,3,Derek Fisher,0.0860655737704918,0.09174077650914093,0.036860202938509584,0.7769947226050786,False
25,3,Nikki Bella,0.0860655737704918,0.09246216010075707,0.03773967936498434,0.7311468817128752,False
25,3,Terrell Owens,0.0860655737704918,0.08878100253734703,0.03582964398008019,0.7766903186992464,False
25,3,Victoria Arlen,0.09016393442622951,0.09255303670020404,0.036790336047770926,0.6606084653319552,False
25,3,Lindsey Stirling,0.11065573770491803,0.08578763683515342,0.03370191510693166,0.741668030744576,False
25,3,Nick Lachey,0.0860655737704918,0.09314674995122373,0.03602867740330129,0.7428728194432017,False
25,3,Drew Scott,0.0942622950819672,0.089063000012447,0.03757215951381909,0.6983115718446804,False
25,3,Vanessa Lachey,0.0942622950819672,0.09193698018963933,0.03604408968891512,0.7343544276317231,False
25,4,Sasha Pieterse,0.08856088560885608,0.0925608069486984,0.035531071883377875,0.7890629111688373,False
25,4,Frankie Muniz,0.08856088560885608,0.09833121268492043,0.03526962627448653,0.767467179952424,False
25,4,Jordan Fisher,0.1070110701107011,0.09290023069032562,0.03870427335509716,0.7536484804525616,False
25,4,Derek Fisher,0.08487084870848709,0.046973763965841214,0.010363895394407048,0.9363624094290658,True
25,4,Nikki Bella,0.08856088560885608,0.09740947533012939,0.03883019688010706,0.7923473107003194,False
25,4,Terrell Owens,0.08856088560885608,0.10235744213428044,0.03714501708328011,0.7406153907821701,False
25,4,Victoria Arlen,0.0996309963099631,0.09256777034424633,0.038501354647865076,0.7608276199986685,False
25,4,Lindsey Stirling,0.0959409594095941,0.091482157126158,0.034764790261587505,0.7935874113142293,False
25,4,Nick Lachey,0.08118081180811808,0.10330957186496253,0.03812377261597039,0.7680766466734936,False
25,4,Drew Scott,0.08856088560885608,0.0916058987054821,0.03137657455068544,0.7675910583485681,False
25,4,Vanessa Lachey,0.08856088560885608,0.09050167020495531,0.0284059874359641,0.807765701439161,False
25,5,Sasha Pieterse,0.09195402298850575,0.053356413982622225,0.011942841923038473,0.9291221320096146,True
25,5,Frankie Muniz,0.1111111111111111,0.09976035380397177,0.04171687375768493,0.763332732413659,False
25,5,Jordan Fisher,0.11494252873563218,0.09718100284864853,0.036153073401850436,0.7086633664306343,False
25,5,Nikki Bella,0.10344827586206896,0.1085924981708903,0.04021287264449932,0.7860888482966948,False
25,5,Terrell Owens,0.09578544061302682,0.1066861763847817,0.039549567482969235,0.6779027331808498,False
25,5,Victoria Arlen,0.10344827586206896,0.10759566652188185,0.04015103420307756,0.7540712726002936,False
25,5,Lindsey Stirling,0.10727969348659004,0.10099028712883777,0.036705017631266816,0.804551101192813,False
25,5,Nick Lachey,0.0842911877394636,0.11025565530671597,0.039981170940729886,0.7345896198810073,False
25,5,Drew Scott,0.09578544061302682,0.10446216681904187,0.0376971893150844,0.785261906102031,False
25,5,Vanessa Lachey,0.09195402298850575,0.11111977903260771,0.038732637182252144,0.7432936102358565,False
25,6,Frankie Muniz,0.10130718954248366,0.12294143001093855,0.04583241636001972,0.6817612696286535,False
25,6,Jordan Fisher,0.12745098039215685,0.11507701681505901,0.04245297772770842,0.7190903305589678,False
25,6,Nikki Bella,0.11764705882352941,0.11030075166589959,0.0401592731145004,0.7517475040293661,False
25,6,Terrell Owens,0.12091503267973856,0.11172010594264138,0.04224622806671157,0.6796348871470442,False
25,6,Victoria Arlen,0.10130718954248366,0.11439628880182237,0.04325041796562541,0.6971865654573993,False
25,6,Lindsey Stirling,0.13071895424836602,0.12016722083444437,0.048169210146937404,0.6661645745686621,False
25,6,Nick Lachey,0.08496732026143791,0.06975920012555852,0.01546955016450091,0.9131375127217873,True
25,6,Drew Scott,0.09803921568627451,0.11964449585718195,0.042087327464576864,0.7013310377992075,False
25,6,Vanessa Lachey,0.11764705882352941,0.11599348994645427,0.04556522159273665,0.6786062129105748,False
25,7,Frankie Muniz,0.13953488372093023,0.13251881329489942,0.04431396799018394,0.6794993248796377,False
25,7,Jordan Fisher,0.12558139534883722,0.14476093191696085,0.04663712777971301,0.6754411075711519,False
25,7,Nikki Bella,0.11162790697674418,0.0825820460291348,0.019368727751635676,0.9014791122547703,True
25,7,Terrell Owens,0.11395348837209303,0.14277667966894,0.041169695708454954,0.74044790139368,False
25,7,Victoria Arlen,0.1325581395348837,0.13863478736382961,0.044757860725172516,0.6742752789851953,False
25,7,Lindsey Stirling,0.1186046511627907,0.15040592216970716,0.04615760878017963,0.733225766972155,False
25,7,Drew Scott,0.1325581395348837,0.1350942516744684,0.04298981175596041,0.7494349996882401,False
25,7,Vanessa Lachey,0.12558139534883722,0.07322656788205999,0.016409162979344548,0.9152432585983409,True
25,8,Frankie Muniz,0.16932907348242812,0.17495903951063094,0.061860769189662025,0.5595631718174237,False
25,8,Jordan Fisher,0.19169329073482427,0.17546768912943297,0.05853814980487386,0.5509754410524219,False
25,8,Terrell Owens,0.16293929712460065,0.0959566630432722,0.021852274993527918,0.8820596900343067,True
25,8,Victoria Arlen,0.15335463258785942,0.18676969312807756,0.05546269915984522,0.6403007779381764,False
25,8,Lindsey Stirling,0.17252396166134185,0.1723284519394434,0.05456302549212269,0.6741892375700016,False
25,8,Drew Scott,0.1501597444089457,0.1945184632491429,0.06262082067659613,0.5235685113300328,False
25,9,Frankie Muniz,0.18888888888888888,0.2270759316351109,0.06298616668862458,0.6243544851686718,False
25,9,Jordan Fisher,0.21481481481481482,0.2115822602782027,0.05905635577645443,0.6185169205919562,False
25,9,Victoria Arlen,0.2074074074074074,0.1174909696990988,0.02581054597195655,0.839998045427947,True
25,9,Lindsey Stirling,0.2111111111111111,0.20806812165447314,0.06228193753817731,0.6429619933622943,False
25,9,Drew Scott,0.17777777777777778,0.23578271673311346,0.05961140215678419,0.6373777953594518,False
25,10,Frankie Muniz,0.24866694332774683,0.2857609837787633,0.0774552986025848,0.48961176462482936,False
25,10,Jordan Fisher,0.2557729554628947,0.2804713613211035,0.07598517544583773,0.5069611464217434,False
25,10,Lindsey Stirling,0.2557729554628947,0.2700384701932937,0.07352447213139274,0.5282042198228126,False
25,10,Drew Scott,0.2397871457464638,0.16372918470683911,0.03664701883409236,0.807720033483006,True
26,1,Jamie Anderson,0.09047619047619047,0.061188110406460904,0.013652958342318729,0.9147697145727587,True
26,1,Johnny Damon,0.08571428571428572,0.06389375969803744,0.014029168410322111,0.9311833630342408,True
26,1,Kareem Abdul-Jabbar,0.08095238095238096,0.11668027887365919,0.030244479091004944,0.7964807500686063,False
26,1,Arike Ogunbowale,0.09523809523809523,0.11011147853038011,0.038858371377002675,0.7707332236340454,False
26,1,Jennie Finch Daigle,0.1,0.1120813116362539,0.0393294923152741,0.7352070980336634,False
26,1,Chris Mazdzer,0.1,0.11060895593758378,0.03688759997064916,0.767376874878967,False
26,1,Mirai Nagasu,0.10952380952380952,0.1085643585029508,0.0400460871020392,0.7841627762551338,False
26,1,Tonya Harding,0.10952380952380952,0.10921808867518433,0.0358050234773506,0.791799065851286,False
26,1,Josh Norman,0.11428571428571428,0.10173726656446312,0.039861410900488135,0.7304458231203373,False
26,1,Adam Rippon,0.11428571428571428,0.10591639117502612,0.0404022441426788,0.7469411448049061,False
26,2,Kareem Abdul-Jabbar,0.1102803738317757,0.08418941608845268,0.01865451004596742,0.899120000986021,True
26,2,Arike Ogunbowale,0.1308411214953271,0.07120814598752823,0.01562429670248453,0.9068997914797995,True
26,2,Jennie Finch Daigle,0.11775700934579439,0.14071038031984073,0.03944158718314495,0.7489199537866871,False
26,2,Chris Mazdzer,0.1233644859813084,0.14012595109370896,0.0417016461119661,0.6940059297182226,False
26,2,Mirai Nagasu,0.1383177570093458,0.14934246290059394,0.049831382946040885,0.6734851696600941,False
26,2,Tonya Harding,0.1233644859813084,0.13631952697071992,0.04038531744841173,0.7105385465073752,False
26,2,Josh Norman,0.11775700934579439,0.1473403002931026,0.0414229010903004,0.7462212598437578,False
26,2,Adam Rippon,0.1383177570093458,0.1307638163460529,0.043773600983738344,0.7688248353574454,False
26,3,Jennie Finch Daigle,0.13744075829383887,0.13382999435026313,0.03461759286229984,0.8147781862309281,True
26,3,Chris Mazdzer,0.15639810426540285,0.11998762690601875,0.030442411537300547,0.8319038130220843,True
26,3,Mirai Nagasu,0.16587677725118483,0.12119861105624175,0.02842419145573964,0.8492132750025334,True
26,3,Tonya Harding,0.16587677725118483,0.22557997472660457,0.06046869881267011,0.6462646500667006,False
26,3,Josh Norman,0.18009478672985782,0.2008848012714901,0.055656646885694105,0.5747404038597298,False
26,3,Adam Rippon,0.1943127962085308,0.19851899168938172,0.06423826867863276,0.5671401712618752,False
26,4,Tonya Harding,0.32748538011695905,0.3358608535816288,0.11068049881309688,0.3706341568428252,False
26,4,Josh Norman,0.3333333333333333,0.3310934990401103,0.1087422456657533,0.3716697274015248,False
26,4,Adam Rippon,0.3391812865497076,0.3330456473782617,0.10545281026585204,0.3495296754725036,False
27,1,Juan Pablo Di Pace,0.08627450980392157,0.08007628023206852,0.030927517759164316,0.7386117928675954,False
27,1,Evanna Lynch,0.07058823529411765,0.08323254469681957,0.03097686690048924,0.8120500447358532,False
27,1,Nancy McKeon,0.07647058823529412,0.08264508155620488,0.033911275297145146,0.7708444714176915,False
27,1,John Schneider,0.07058823529411765,0.078054234953735,0.029376831161013396,0.8015119354795166,False
27,1,Milo Manheim,0.0784313725490196,0.08119007595923793,0.03079328416482021,0.8033735090162166,False
27,1,Danelle Umstead,0.07058823529411765,0.08617670943272045,0.03301374927878123,0.7626817569926827,False
27,1,Mary Lou Retton,0.0784313725490196,0.07830544250285158,0.02958840434630234,0.7753721057374965,False
27,1,DeMarcus Ware,0.09019607843137255,0.07910917880190577,0.03090783244636918,0.7944060019505803,False
27,1,Nikki Glaser,0.06862745098039216,0.04048426119680373,0.008654986019559023,0.9507266633331848,True
27,1,Bobby Bones,0.0784313725490196,0.07802527623702951,0.03313605459491339,0.7727089209969716,False
27,1,Tinashe,0.09019607843137255,0.07186575075607599,0.030934862395067767,0.8085262412238752,False
27,1,Alexis Ren,0.08627450980392157,0.0727247481145249,0.026066390317394845,0.8061361779690035,False
27,1,Joe Amabile,0.054901960784313725,0.08811041556002233,0.027936363888083536,0.7708730249554353,False
27,2,Juan Pablo Di Pace,0.09611829944547134,0.08721769021794752,0.033869186056034804,0.7701222207777323,False
27,2,Evanna Lynch,0.08872458410351201,0.08455570813061944,0.034019194297140856,0.7728992050589671,False
27,2,Nancy McKeon,0.07578558225508318,0.08688996410993266,0.03258690392173311,0.7968233531494435,False
27,2,John Schneider,0.07948243992606285,0.08463295111708026,0.03088444549294403,0.8127943817079166,False
27,2,Milo Manheim,0.09611829944547134,0.08336214716404702,0.03191967105963544,0.7698948106456448,False
27,2,Danelle Umstead,0.06839186691312385,0.047563917303360966,0.01132320557760621,0.9380788755496281,True
27,2,Mary Lou Retton,0.08502772643253234,0.0847671804862748,0.03129740536357111,0.8054287601275947,False
27,2,DeMarcus Ware,0.08687615526802218,0.08673853984719757,0.0356490215052802,0.7947284141467633,False
27,2,Bobby Bones,0.07208872458410351,0.09026221678876513,0.03147344147152386,0.7530043842790266,False
27,2,Tinashe,0.09611829944547134,0.08480567615163542,0.03406782026961771,0.7995178121373648,False
27,2,Alexis Ren,0.09057301293900184,0.08758627975644818,0.0358686149113572,0.8051845264958939,False
27,2,Joe Amabile,0.06469500924214418,0.09161772892669151,0.02924713607950162,0.8120293362031697,False
27,3,Juan Pablo Di Pace,0.11070110701107011,0.08642763373117048,0.03558413886677369,0.7918729056511787,False
27,3,Evanna Lynch,0.0996309963099631,0.09170653576434833,0.03390361953484149,0.804076505319461,False
27,3,Nancy McKeon,0.08118081180811808,0.04858824509099077,0.010650408928116042,0.9382921823025155,True
27,3,John Schneider,0.07749077490774908,0.09415447488734963,0.028220591330958295,0.8280836219550627,False
27,3,Milo Manheim,0.0996309963099631,0.09700037313474137,0.03700451997771897,0.7954994668406079,False
27,3,Mary Lou Retton,0.08856088560885608,0.09486711973975713,0.034651522250847715,0.7627885115513007,False
27,3,DeMarcus Ware,0.0959409594095941,0.09522318032476108,0.03548725218891603,0.7885894039123593,False
27,3,Bobby Bones,0.08487084870848709,0.10031096034741174,0.03453195258415849,0.8028410904308194,False
27,3,Tinashe,0.0996309963099631,0.08879277450587367,0.036440142474453104,0.7497052811385178,False
27,3,Alexis Ren,0.0959409594095941,0.09283950307617705,0.036317434068265514,0.8069683647702297,False
27,3,Joe Amabile,0.06642066420664207,0.11008919939741937,0.03738374765703386,0.747134464363453,False
27,4,Juan Pablo Di Pace,0.10344827586206896,0.10304665493029738,0.03625013946780593,0.6979142876175666,False
27,4,Evanna Lynch,0.10344827586206896,0.10660504527942506,0.03840635326854408,0.7444372985621581,False
27,4,John Schneider,0.09051724137931035,0.11198575391024988,0.03635233141084472,0.7967764571042544,False
27,4,Milo Manheim,0.125,0.09456493196969591,0.03411221981401398,0.7728045231767066,False
27,4,Mary Lou Retton,0.11206896551724138,0.10005888201901077,0.03485406460688318,0.7589818534693383,False
27,4,DeMarcus Ware,0.09482758620689655,0.10543824245114453,0.03680825817322711,0.6661715651250324,False
27,4,Bobby Bones,0.08620689655172414,0.11253784067033856,0.03553801401745056,0.7985606449047937,False
27,4,Tinashe,0.11206896551724138,0.04197942401443581,0.009964620118263358,0.9460120643188399,True
27,4,Alexis Ren,0.10775862068965517,0.09504822286395621,0.03423273939033802,0.8074408036867724,False
27,4,Joe Amabile,0.06465517241379311,0.12873500189144638,0.03329081733149736,0.7766655291538842,False
27,5,Juan Pablo Di Pace,0.13063063063063063,0.11724870644327862,0.046044154420369444,0.6852026373619702,False
27,5,Evanna Lynch,0.10810810810810811,0.10579137558875419,0.03954332155861136,0.7684518083963646,False
27,5,John Schneider,0.10810810810810811,0.11355569096732263,0.043063785303494764,0.6911946394844284,False
27,5,Milo Manheim,0.12162162162162163,0.10947777539149593,0.04164803624932425,0.7517394124477916,False
27,5,Mary Lou Retton,0.11261261261261261,0.10978265858944948,0.04018033758595828,0.7577558997423129,False
27,5,DeMarcus Ware,0.11711711711711711,0.10928796445445951,0.0435426563670706,0.6299398054074548,False
27,5,Bobby Bones,0.0945945945945946,0.11444501500524913,0.04546314378540247,0.6992365102027668,False
27,5,Alexis Ren,0.13063063063063063,0.11266636306503168,0.04404108022934356,0.7154056143135048,False
27,5,Joe Amabile,0.07657657657657657,0.10774445049495923,0.0422377987279953,0.713963806691797,False
27,6,Juan Pablo Di Pace,0.13100436681222707,0.10919123202753743,0.040798432774583636,0.7470203793464223,False
27,6,Evanna Lynch,0.12663755458515283,0.1157756277773669,0.045543890417698414,0.7039345043661567,False
27,6,John Schneider,0.08296943231441048,0.1300370821297548,0.036995303249779815,0.7681698974556268,False
27,6,Milo Manheim,0.13100436681222707,0.11621641041029057,0.0467221306068593,0.6877901770477265,False
27,6,Mary Lou Retton,0.10480349344978165,0.06094994143026565,0.013289996167000207,0.9287170233477482,True
27,6,DeMarcus Ware,0.11353711790393013,0.1130789756464555,0.042788798619138445,0.7316209026956957,False
27,6,Bobby Bones,0.09606986899563319,0.12218138601323485,0.03861935893110124,0.7293106575841495,False
27,6,Alexis Ren,0.11790393013100436,0.1135032332773439,0.045061241809669604,0.7289192946291196,False
27,6,Joe Amabile,0.09606986899563319,0.11906611128775076,0.03773865307353733,0.7456722894372859,False
27,7,Juan Pablo Di Pace,0.12873563218390804,0.13592160387485278,0.044584382825171534,0.6589310953985483,False
27,7,Evanna Lynch,0.135632183908046,0.13849139225401563,0.050455325704341074,0.6792965160155807,False
27,7,John Schneider,0.12413793103448276,0.07386187518331992,0.015615727988447646,0.9099895607069157,True
27,7,Milo Manheim,0.13333333333333333,0.13868470670380417,0.04920056227720682,0.6950508415890331,False
27,7,DeMarcus Ware,0.12183908045977011,0.07363551780495058,0.01613009788222349,0.9091117367141107,True
27,7,Bobby Bones,0.12183908045977011,0.14455136461066204,0.04665239863998352,0.7023451973372972,False
27,7,Alexis Ren,0.12643678160919541,0.13574848457922145,0.038702992613730315,0.734941257085543,False
27,7,Joe Amabile,0.10804597701149425,0.15910505498917452,0.048260503440987854,0.6522002624553342,False
27,8,Juan Pablo Di Pace,0.18633540372670807,0.09692459424107149,0.02193437478524687,0.8929991108325339,True
27,8,Evanna Lynch,0.18012422360248448,0.19106778104131944,0.06169677076464674,0.6341283018815369,False
27,8,Milo Manheim,0.17080745341614906,0.1959409595820847,0.05627905263481928,0.6452349180505397,False
27,8,Bobby Bones,0.13975155279503104,0.21188477446148335,0.0485341567658782,0.6209735930512459,False
27,8,Alexis Ren,0.18012422360248448,0.18744941283686628,0.05598674282952565,0.4473169916719033,False
27,8,Joe Amabile,0.14285714285714285,0.11673247783717434,0.02989819079385356,0.8409257315519243,True
27,9,Evanna Lynch,0.2597402597402597,0.25814119312996064,0.08693246194269894,0.4592479003694737,False
27,9,Milo Manheim,0.2597402597402597,0.2440058203598482,0.08142859688022369,0.4748977494300276,False
27,9,Bobby Bones,0.23376623376623376,0.2437420393507374,0.08796187927082663,0.4362548410974879,False
27,9,Alexis Ren,0.24675324675324675,0.2541109471594542,0.08815528499712547,0.5079411556049813,False
28,1,Kate Flannery,0.07614213197969544,0.0843073911082356,0.03259669204458476,0.7925362361841745,False
28,1,James Van Der Beek,0.1065989847715736,0.08166914361356893,0.03331210787426822,0.7479877267409374,False
28,1,Kel Mitchell,0.08121827411167512,0.08447714784798485,0.033322554106373324,0.7710450802401707,False
28,1,Ray Lewis,0.07614213197969544,0.08432629895597768,0.034037597459908864,0.7474601987664267,False
28,1,Lamar Odom,0.05583756345177665,0.0807603978917569,0.030395663393106568,0.8199026731919402,False
28,1,Sailor Brinkley-Cook,0.09137055837563451,0.08506390174220635,0.03559390610278566,0.7735751609796588,False
28,1,Sean Spicer,0.06091370558375635,0.08341118184131822,0.032123595373091236,0.7428854172902796,False
28,1,Mary Wilson,0.08629441624365482,0.08349157618158584,0.033920736455598004,0.7933488992474068,False
28,1,Lauren Alaina,0.09644670050761421,0.08330502608417577,0.0361926072869539,0.7756597572822463,False
28,1,Ally Brooke,0.08121827411167512,0.08318484038737915,0.037272535412678554,0.6555691144968312,False
28,1,Karamo Brown,0.08629441624365482,0.08240121248562085,0.03547193330392416,0.7760009224680187,False
28,1,Hannah Brown,0.10152284263959391,0.08360188186018967,0.03471223534413402,0.7661184288431168,False
28,2,Kate Flannery,0.0958904109589041,0.08406056291937945,0.03534076079845443,0.7982900298370915,False
28,2,James Van Der Beek,0.091324200913242,0.08214713432189552,0.03354160919816612,0.7486221478743544,False
28,2,Kel Mitchell,0.091324200913242,0.08703617609277679,0.033851605393166465,0.7802836489322572,False
28,2,Ray Lewis,0.0684931506849315,0.09130798583929527,0.03139439535607872,0.7298841424109318,False
28,2,Lamar Odom,0.0547945205479452,0.09629247446606899,0.0334996875992256,0.7713043243553905,False
28,2,Sailor Brinkley-Cook,0.0821917808219178,0.09305489715412132,0.03732515244837002,0.7379544616429314,False
28,2,Sean Spicer,0.0730593607305936,0.08548186003658537,0.03324642784018086,0.7893597214706253,False
28,2,Mary Wilson,0.0684931506849315,0.05329038438186986,0.013865402742584005,0.9123916256243924,True
28,2,Lauren Alaina,0.0867579908675799,0.07949884821924778,0.03170373792142029,0.7514902674524371,False
28,2,Ally Brooke,0.091324200913242,0.08405390268394201,0.03583441828394104,0.7286641510519071,False
28,2,Karamo Brown,0.0867579908675799,0.07909777428149208,0.03288025743073371,0.7582746446111235,False
28,2,Hannah Brown,0.1095890410958904,0.08467799960332532,0.034388271683605094,0.797313298007358,False
28,3,Kate Flannery,0.12121212121212122,0.09742169448497462,0.03676232214051415,0.7807961343346808,False
28,3,James Van Der Beek,0.11616161616161616,0.09841514774356679,0.03909859478027597,0.7639163018958162,False
28,3,Kel Mitchell,0.10101010101010101,0.10195436080756219,0.039824653761263804,0.6948562860853875,False
28,3,Lamar Odom,0.06060606060606061,0.09348456038625874,0.040468208399058764,0.6428119598923998,False
28,3,Sailor Brinkley-Cook,0.11616161616161616,0.10141707936079192,0.04171376345635687,0.6277042009654801,False
28,3,Sean Spicer,0.07575757575757576,0.10473902662413265,0.03928478896059798,0.7436674771847374,False
28,3,Lauren Alaina,0.10101010101010101,0.10215522214251324,0.041574513508411064,0.7513118655257531,False
28,3,Ally Brooke,0.12121212121212122,0.10383603471633315,0.04216499306321308,0.7440205619308813,False
28,3,Karamo Brown,0.08080808080808081,0.09698404348789223,0.03892323926678584,0.7266224844343443,False
28,3,Hannah Brown,0.10606060606060606,0.09959283024597478,0.040500163002014346,0.7446243121351483,False
28,4,Kate Flannery,0.09219858156028368,0.10390546645303675,0.03701188427960478,0.7198921204199182,False
28,4,James Van Der Beek,0.09929078014184398,0.1035862730548864,0.04102778951566107,0.7284628391968624,False
28,4,Kel Mitchell,0.11347517730496454,0.10277355789337352,0.041154537409915974,0.7254399545580972,False
28,4,Lamar Odom,0.07092198581560284,0.06934155676881486,0.017143495473387813,0.9031505544302354,True
28,4,Sailor Brinkley-Cook,0.1099290780141844,0.10008411487306092,0.04363890243086955,0.6849380785173612,False
28,4,Sean Spicer,0.07446808510638298,0.11237467759926696,0.039381789712380405,0.7432933462545341,False
28,4,Lauren Alaina,0.11347517730496454,0.10128048448440517,0.0403147404604894,0.6994358024214633,False
28,4,Ally Brooke,0.11347517730496454,0.09923316001093187,0.03901340637038481,0.7411035917897242,False
28,4,Karamo Brown,0.09929078014184398,0.10215476807296575,0.036984680905140226,0.7627796368429239,False
28,4,Hannah Brown,0.11347517730496454,0.10526594078925802,0.04264665813899895,0.7166042922066016,False
28,5,Kate Flannery,0.11162790697674418,0.11476130790428718,0.047174378723478634,0.6907206241695705,False
28,5,James Van Der Beek,0.12093023255813953,0.10934304002972914,0.04332005356038793,0.7406065516604924,False
28,5,Kel Mitchell,0.12093023255813953,0.11082254547821921,0.045381110655481574,0.6936217298392955,False
28,5,Sailor Brinkley-Cook,0.11162790697674418,0.10625982922266719,0.04123669784041906,0.7435447483547795,False
28,5,Sean Spicer,0.08837209302325581,0.11034632091767012,0.04318706327605599,0.7416525268176817,False
28,5,Lauren Alaina,0.10697674418604651,0.11600292694768527,0.04612280238061564,0.666786743715645,False
28,5,Ally Brooke,0.12558139534883722,0.11125565786682266,0.041934593425960745,0.7335179100994872,False
28,5,Karamo Brown,0.09767441860465116,0.11605075215649138,0.04034251939884315,0.7387144907335677,False
28,5,Hannah Brown,0.11627906976744186,0.10515761947642752,0.04131267143882291,0.7126152551733477,False
28,6,Kate Flannery,0.11842105263157894,0.09051397374505173,0.02266528058617367,0.8500370518544659,False
28,6,James Van Der Beek,0.11842105263157894,0.09811228726131813,0.03369823028007239,0.800395102932252,False
28,6,Kel Mitchell,0.11403508771929824,0.10389983336487324,0.047932804505356245,0.5969783786830223,False
28,6,Sailor Brinkley-Cook,0.11842105263157894,0.05965652852849036,0.012804470707789652,0.939461416981546,True
28,6,Sean Spicer,0.09210526315789473,0.14844128883282992,0.024084026046598928,0.837096000442338,False
28,6,Lauren Alaina,0.11403508771929824,0.10803542245337958,0.029592780361975032,0.7946601851694501,False
28,6,Ally Brooke,0.10964912280701754,0.11759584944445835,0.028299845372932574,0.7977275285340037,False
28,6,Karamo Brown,0.10964912280701754,0.13018688415599944,0.03430273543197614,0.8010181844896833,False
28,6,Hannah Brown,0.10526315789473684,0.14355793221360033,0.03513012137116557,0.7498868407869179,False
28,7,Kate Flannery,0.1188118811881188,0.1378296578516303,0.04733172339251071,0.6820984442704852,False
28,7,James Van Der Beek,0.13366336633663367,0.13597608958991406,0.06042652919485908,0.5769342622353228,False
28,7,Kel Mitchell,0.12623762376237624,0.1272506315286046,0.04608886466121219,0.6550272322993624,False
28,7,Sean Spicer,0.10396039603960396,0.14638273639368735,0.04247055417780634,0.6430187631742363,False
28,7,Lauren Alaina,0.13366336633663367,0.12518378963568658,0.048080423116460366,0.6945690538057717,False
28,7,Ally Brooke,0.13366336633663367,0.1285290470782737,0.05169554550867586,0.4990552935253292,False
28,7,Karamo Brown,0.12128712871287128,0.07942109806057784,0.02041428767919296,0.8765412823223208,True
28,7,Hannah Brown,0.12871287128712872,0.11942694986162583,0.04407500946817495,0.7120609609700321,False
28,8,Kate Flannery,0.13471454803957736,0.09315446316325318,0.022880951720073452,0.8769845642799001,True
28,8,James Van Der Beek,0.1658027598041857,0.14094360471703063,0.05435752120271776,0.6605551695191929,False
28,8,Kel Mitchell,0.15544002254931627,0.1466349377335229,0.05510078059957062,0.6565494235217502,False
28,8,Sean Spicer,0.1036273725486945,0.17166633642151613,0.04514761465986889,0.6929216819437845,False
28,8,Lauren Alaina,0.1243528470584334,0.16386916112156644,0.052043695150708155,0.6904476961177843,False
28,8,Ally Brooke,0.15544105882304174,0.14238549759552663,0.05850249794409497,0.6333604633250761,False
28,8,Hannah Brown,0.160621391176751,0.14134599924758406,0.05367987269129228,0.6690919352631551,False
28,9,James Van Der Beek,0.17266187050359713,0.16572826200911386,0.05950540278201296,0.6578034178781285,False
28,9,Kel Mitchell,0.1774580335731415,0.1691674276610362,0.06136708652741237,0.5977946228385551,False
28,9,Sean Spicer,0.11990407673860912,0.13495092519300514,0.040648088587443995,0.7018074802009467,True
28,9,Lauren Alaina,0.16786570743405277,0.19453379104029106,0.0617730046185874,0.5681488910275567,False
28,9,Ally Brooke,0.19184652278177458,0.16559904866505148,0.0632404773384722,0.6330593863417291,False
28,9,Hannah Brown,0.17026378896882494,0.17002054543150252,0.05830994988462354,0.5957351109521534,False
28,10,James Van Der Beek,0.18545454545454546,0.16343035468018943,0.04755180858442256,0.7118294697182688,True
28,10,Kel Mitchell,0.20727272727272728,0.20331859253951473,0.07725572852634266,0.5567848623034295,False
28,10,Lauren Alaina,0.19636363636363635,0.20194791329354236,0.07086629915640852,0.5933459117366391,False
28,10,Ally Brooke,0.21454545454545454,0.19787398026930642,0.0753088137468729,0.555198133261846,False
28,10,Hannah Brown,0.19636363636363635,0.23342915921744678,0.07444893791661454,0.5675459429054002,False
28,11,Kel Mitchell,0.25213675213675213,0.25499349414454053,0.08579436192249354,0.5155732854452781,False
28,11,Lauren Alaina,0.24358974358974358,0.24787169759852434,0.09187234148322512,0.45093038330764357,False
28,11,Ally Brooke,0.2564102564102564,0.2493062943715138,0.09038431036158884,0.4545365430519779,False
28,11,Hannah Brown,0.24786324786324787,0.24782851388542176,0.09383292354124759,0.4765255534528514,False
29,1,Anne Heche,0.06923076923076923,0.0692806843250706,0.028172271077192806,0.8113628983657335,False
29,1,Jesse Metcalfe,0.06923076923076923,0.06374051714875978,0.024709065690101444,0.8279576729525231,False
29,1,Chrishell Stause,0.05,0.06702106501581666,0.02748349156863729,0.7987264187574943,False
29,1,Skai Jackson,0.08076923076923077,0.06513986113461398,0.024785366451567235,0.838015137341724,False
29,1,Justina Machado,0.08076923076923077,0.06852508859893608,0.03228219203058211,0.6997821808866058,False
29,1,Charles Oakley,0.046153846153846156,0.06458550549536143,0.02684704051666484,0.7894029862119527,False
29,1,Veron Davis,0.06538461538461539,0.06566320851732561,0.027653014222780152,0.8262401621272761,False
29,1,Johnny Weir,0.06923076923076923,0.06713846074259995,0.02855785159604176,0.8072794331914713,False
29,1,Nev Schulman,0.07692307692307693,0.06678639135563329,0.027603871732194713,0.8225746575751005,False
29,1,AJ McLean,0.06923076923076923,0.06670486559491376,0.028624916825294503,0.7759342720958244,False
29,1,Nelly,0.06153846153846154,0.06723960189482744,0.02635342436365261,0.8276799339835117,False
29,1,Kaitlyn Bristowe,0.07692307692307693,0.06573253494285158,0.02623676964573711,0.8387937946422195,False
29,1,Carole Baskin,0.04230769230769231,0.0693920873327108,0.029658709001534164,0.7944914472616018,False
29,1,Monica Aldama,0.07307692307692308,0.06674207876368783,0.026802867053059426,0.8206376415615304,False
29,1,Jeannie Mai,0.06923076923076923,0.06630804913689098,0.02728158354238407,0.8209374073151388,False
29,2,Anne Heche,0.06593406593406594,0.06795112722160475,0.02852091675937647,0.7878002877602082,False
29,2,Jesse Metcalfe,0.07326007326007326,0.06544986349793248,0.026966742156257325,0.8071709064157234,False
29,2,Chrishell Stause,0.06593406593406594,0.0696080152342662,0.026447999203147228,0.803689799330397,False
29,2,Skai Jackson,0.054945054945054944,0.0693886235742351,0.024896387136594728,0.7621697477451237,False
29,2,Justina Machado,0.07692307692307693,0.06774614626199314,0.02622789615829297,0.8501120099325086,False
29,2,Charles Oakley,0.054945054945054944,0.04233038666264634,0.010154864907233068,0.9255185405331565,True
29,2,Veron Davis,0.06593406593406594,0.07071923483939532,0.027792473665917715,0.7937961474065601,False
29,2,Johnny Weir,0.06593406593406594,0.06972380354077298,0.0280140401044072,0.8173661234213192,False
29,2,Nev Schulman,0.07692307692307693,0.06270208482768821,0.025312993797126523,0.8474999539951507,False
29,2,AJ McLean,0.0695970695970696,0.06937712026427077,0.028125117929325556,0.8028578683376978,False
29,2,Nelly,0.06593406593406594,0.06920931293511536,0.029041383070861782,0.7860768266898925,False
29,2,Kaitlyn Bristowe,0.08058608058608059,0.06674544391365159,0.027349300109316167,0.8141249760232833,False
29,2,Carole Baskin,0.05860805860805861,0.06903582439972139,0.02839803156787874,0.8207381866755386,False
29,2,Monica Aldama,0.05860805860805861,0.06719874965605449,0.024451701534548013,0.8466354331591945,False
29,2,Jeannie Mai,0.06593406593406594,0.07281426317065191,0.03152694335496222,0.7517177588822087,False
29,3,Anne Heche,0.05338078291814947,0.07939527339649767,0.02651486922505994,0.8368367588726298,False
29,3,Jesse Metcalfe,0.0711743772241993,0.07426539015866106,0.029437484008554053,0.7880389755957999,False
29,3,Chrishell Stause,0.07829181494661921,0.0724591713290844,0.027312376817014428,0.8024017060030574,False
29,3,Skai Jackson,0.06405693950177936,0.07789971558117519,0.029550229993001727,0.7600927610988435,False
29,3,Justina Machado,0.06761565836298933,0.07519482567979471,0.029474123289140022,0.7426090509403713,False
29,3,Veron Davis,0.07829181494661921,0.06908077102168954,0.03120946201961034,0.739646835896935,False
29,3,Johnny Weir,0.08540925266903915,0.07367892376507612,0.028838334435982712,0.8267818808904642,False
29,3,Nev Schulman,0.08540925266903915,0.0758171327788715,0.030434226862581012,0.7827601809077476,False
29,3,AJ McLean,0.07473309608540925,0.06803434751570095,0.029380888922194304,0.7849393447843025,False
29,3,Nelly,0.06405693950177936,0.07357984520639381,0.028131656252046222,0.7906569319236876,False
29,3,Kaitlyn Bristowe,0.08185053380782918,0.07352572444831676,0.02803240451328229,0.8444669618022891,False
29,3,Carole Baskin,0.042704626334519574,0.04685969383579414,0.011312711579427823,0.9374053743458823,True
29,3,Monica Aldama,0.07473309608540925,0.06926844017156113,0.02588109623389102,0.8269519167543177,False
29,3,Jeannie Mai,0.07829181494661921,0.070940745111383,0.027510936401021646,0.8466972282938403,False
29,4,Anne Heche,0.06976744186046512,0.04411846557552464,0.010553886764617474,0.9384589281910177,True
29,4,Jesse Metcalfe,0.06976744186046512,0.08473727363018108,0.029687106157888245,0.7624138789122733,False
29,4,Chrishell Stause,0.07308970099667775,0.07527883456085546,0.02861058477505373,0.7927991812221736,False
29,4,Skai Jackson,0.09302325581395349,0.0788762051308983,0.0324551153082191,0.7776307826419206,False
29,4,Justina Machado,0.07973421926910298,0.07604481976957884,0.02952671794347374,0.8380257384840842,False
29,4,Veron Davis,0.07308970099667775,0.08198349515117148,0.03351943296998532,0.8081614480376632,False
29,4,Johnny Weir,0.07973421926910298,0.07988355872607701,0.032321230584762724,0.7961340514976968,False
29,4,Nev Schulman,0.07973421926910298,0.0741697063737566,0.031154075925811302,0.7713985567811992,False
29,4,AJ McLean,0.07973421926910298,0.07395236836422825,0.02992351446541316,0.7799524690890605,False
29,4,Nelly,0.06976744186046512,0.08647321322874346,0.031984785631463154,0.8121212389551817,False
29,4,Kaitlyn Bristowe,0.08305647840531562,0.0768368339841459,0.03048593564721434,0.8125399062010898,False
29,4,Monica Aldama,0.07973421926910298,0.07746843579532026,0.03136706623301888,0.7915190753169628,False
29,4,Jeannie Mai,0.06976744186046512,0.09017678970951871,0.02705658773745685,0.8176865182250396,False
29,5,Jesse Metcalfe,0.06620209059233449,0.05375272738115322,0.01341342027734576,0.9184346912081073,True
29,5,Chrishell Stause,0.06620209059233449,0.09225013808412019,0.029745240248907154,0.7829102027463275,False
29,5,Skai Jackson,0.08362369337979095,0.08352812020809888,0.032135339553661144,0.8061831718991582,False
29,5,Justina Machado,0.08362369337979095,0.08022395678994515,0.03298716791030114,0.789043330521026,False
29,5,Veron Davis,0.07317073170731707,0.09275600903693305,0.03525288902627271,0.7670941082441851,False
29,5,Johnny Weir,0.10104529616724739,0.07987592196397718,0.03116866105794867,0.7678092445683569,False
29,5,Nev Schulman,0.09059233449477352,0.08665958321835739,0.03294389517054896,0.7753409894770177,False
29,5,AJ McLean,0.08362369337979095,0.0812132226557039,0.03277107719885436,0.7681732253151086,False
29,5,Nelly,0.08362369337979095,0.08894468340789646,0.03746596422467562,0.7761407543592236,False
29,5,Kaitlyn Bristowe,0.09407665505226481,0.08262909756059403,0.028516199856674914,0.815192819693228,False
29,5,Monica Aldama,0.09059233449477352,0.09039556157387432,0.03639336270545402,0.763135944528442,False
29,5,Jeannie Mai,0.08362369337979095,0.08777097811934566,0.03272117341983463,0.7824905575055443,False
29,6,Chrishell Stause,0.08955223880597014,0.09324684773337953,0.03679246578970575,0.7390130140985325,False
29,6,Skai Jackson,0.06716417910447761,0.10224071064793894,0.03192166802359086,0.7832899339819703,False
29,6,Justina Machado,0.10074626865671642,0.09422094043448334,0.041396743601315525,0.6581499261384455,False
29,6,Veron Davis,0.07835820895522388,0.05690517983613381,0.014991406005879305,0.9095497015043941,True
29,6,Johnny Weir,0.08208955223880597,0.09915653455511278,0.036110672263216036,0.7734039631065037,False
29,6,Nev Schulman,0.09701492537313433,0.09059231080585459,0.035791472588736536,0.784948435529212,False
29,6,AJ McLean,0.10074626865671642,0.0892514766878814,0.03671755208942903,0.765883206306339,False
29,6,Nelly,0.08955223880597014,0.09561445860848608,0.03997146835539926,0.7236177119429195,False
29,6,Kaitlyn Bristowe,0.10074626865671642,0.09283463255008866,0.03603743003889108,0.7783592807851857,False
29,6,Monica Aldama,0.10074626865671642,0.09213960847708443,0.03923512262030971,0.705612480048875,False
29,6,Jeannie Mai,0.09328358208955224,0.09379729966355596,0.03990800718304866,0.7576507128031676,False
29,7,Chrishell Stause,0.1,0.09879893579416504,0.040237320073316374,0.7014447019458665,False
29,7,Skai Jackson,0.10384615384615385,0.10590728782988942,0.04136344710112232,0.6886628402094976,False
29,7,Justina Machado,0.1,0.10185581350551358,0.043720614944004366,0.7142781412686301,False
29,7,Johnny Weir,0.10384615384615385,0.09909870533281193,0.038620560257438145,0.7359672811387948,False
29,7,Nev Schulman,0.11538461538461539,0.10158110733543982,0.039851467545569605,0.7693891715017923,False
29,7,AJ McLean,0.1,0.10384017321894912,0.03992693313819697,0.7059972661725333,False
29,7,Nelly,0.10384615384615385,0.10564033831018774,0.04191286361035675,0.7357406754739997,False
29,7,Kaitlyn Bristowe,0.09230769230769231,0.11139880916311747,0.03937811857465014,0.7426845908844435,False
29,7,Monica Aldama,0.08461538461538462,0.06747051979028584,0.017243319371202995,0.9097403999345317,True
29,7,Jeannie Mai,0.09615384615384616,0.10440830971963998,0.03637555035888995,0.7776451567989946,False
29,8,Chrishell Stause,0.12162184076007344,0.07501671416645533,0.019025390005943155,0.8989800108180428,True
29,8,Skai Jackson,0.1216209398575493,0.14302688929483928,0.04051634017360437,0.7672652096121275,False
29,8,Justina Machado,0.13062996509903624,0.12792351577382644,0.0557924286552889,0.6274315764825984,False
29,8,Johnny Weir,0.13513537862230382,0.12163589236282836,0.042903121252292786,0.7457684317273323,False
29,8,Nev Schulman,0.13513537862230382,0.11707604757130573,0.045724255403981395,0.6142859901953048,False
29,8,AJ McLean,0.12162184076007344,0.1371385674538338,0.04605395707829159,0.6454069758402003,False
29,8,Nelly,0.10810830289784307,0.16031179577674023,0.043291151005343115,0.6843547082680344,False
29,8,Kaitlyn Bristowe,0.1261263533808169,0.11787057760017024,0.043479213049498346,0.6870549226535438,False
29,9,Skai Jackson,0.15025865392188154,0.15033343482677589,0.06072232016029446,0.6024667071964621,False
29,9,Justina Machado,0.13471454803957736,0.1523718833900651,0.053763311095071514,0.6282413248518923,False
29,9,Johnny Weir,0.15544105882304174,0.14605277059070432,0.05434568901168364,0.6646491156425338,False
29,9,Nev Schulman,0.15025865392188154,0.14664462029867278,0.054271484340099825,0.6839666477951876,False
29,9,AJ McLean,0.12953317941214265,0.09380834368593034,0.02346327717809312,0.8664462913874832,True
29,9,Nelly,0.1243528470584334,0.15801637916649722,0.05085083294349684,0.651690743896145,False
29,9,Kaitlyn Bristowe,0.15544105882304174,0.15277256804135417,0.05686008911845167,0.6013427567985885,False
29,10,Skai Jackson,0.16379310344827586,0.11491088344187299,0.03156459131253214,0.8132260182219124,True
29,10,Justina Machado,0.16666666666666666,0.17975583444436422,0.056086304715272275,0.657267805121095,False
29,10,Johnny Weir,0.16379310344827586,0.13971979531448261,0.03787968046894292,0.7510438626548321,True
29,10,Nev Schulman,0.1724137931034483,0.16529963519364624,0.0600169476445702,0.5598307246762293,False
29,10,Nelly,0.16091954022988506,0.22453119767444796,0.051267082690898774,0.6589879188426859,False
29,10,Kaitlyn Bristowe,0.1724137931034483,0.17578265393118628,0.06693461091433905,0.586494143394517,False
29,11,Justina Machado,0.25316455696202533,0.2499836789054916,0.08873748627235405,0.4678202082874344,False
29,11,Nev Schulman,0.25316455696202533,0.2545556442427413,0.08832112023181919,0.4388467285008564,False
29,11,Nelly,0.24050632911392406,0.25132291046668886,0.0879807601919798,0.4200922765998234,False
29,11,Kaitlyn Bristowe,0.25316455696202533,0.2441377663850783,0.08937747497463501,0.4628546380825418,False
30,1,Martin Kove,0.03551912568306011,0.06562965660441446,0.027863812834105564,0.7617221873857598,False
30,1,Brian Austin Green,0.06557377049180328,0.0668965066104488,0.028995387363255062,0.8050205007128259,False
30,1,Melora Hardin,0.07103825136612021,0.06432617305279614,0.025945878876764413,0.8369416020330556,False
30,1,Matt James,0.06557377049180328,0.06876879230692201,0.027981676911556175,0.8072643631212353,False
30,1,"Mike ""The Miz"" Mizanin",0.06557377049180328,0.0648155256411236,0.027237808805998336,0.8081515399748959,False
30,1,Suni Lee,0.07650273224043716,0.06675043442763817,0.0284305206734401,0.8089701538303338,False
30,1,Iman Shumpert,0.05737704918032787,0.06637649081031753,0.028542511215530544,0.7936560801387043,False
30,1,Cody Rigsby,0.06557377049180328,0.06664010742250857,0.026558052899079296,0.8127847320268768,False
30,1,Melanie C,0.07377049180327869,0.0694612165953178,0.028895694257363342,0.7832760526554315,False
30,1,Jimmie Allen,0.060109289617486336,0.0666501979247003,0.029843837246402504,0.7920392269587525,False
30,1,Olivia Jade,0.06830601092896176,0.06607423097015316,0.02898997380472656,0.74575482180822,False
30,1,JoJo Siwa,0.07923497267759563,0.0697958657785684,0.028734603933839923,0.826139252781939,False
30,1,Christine Chiu,0.06830601092896176,0.06507240272166154,0.026169086889283433,0.8425106861271693,False
30,1,Kenya Moore,0.07103825136612021,0.06699384408045889,0.026421815779729487,0.818283291587661,False
30,1,Amanda Kloots,0.07650273224043716,0.06574855505297059,0.02913739690955107,0.7483302201328568,False
30,2,Martin Kove,0.03896103896103896,0.0426810521755759,0.010662798061008004,0.9238053542908129,True
30,2,Brian Austin Green,0.05974025974025974,0.07295541906166812,0.029249249953229018,0.7756807818107494,False
30,2,Melora Hardin,0.07012987012987013,0.06709399261186674,0.02851512637602245,0.7976654570064393,False
30,2,Matt James,0.05714285714285714,0.07251554501414569,0.02598410199824006,0.8151970048233179,False
30,2,"Mike ""The Miz"" Mizanin",0.06753246753246753,0.07042839756717081,0.029486647738143412,0.7873806844369504,False
30,2,Suni Lee,0.07272727272727272,0.06458811724061729,0.025626315951632922,0.8397102307469436,False
30,2,Iman Shumpert,0.06493506493506493,0.06813568062815331,0.027827014167221827,0.8386572868371736,False
30,2,Cody Rigsby,0.06233766233766234,0.07043011638966713,0.027271213661175266,0.818784844522161,False
30,2,Melanie C,0.07792207792207792,0.06683546390180849,0.029191470044255034,0.7773405222417342,False
30,2,Jimmie Allen,0.07012987012987013,0.06489534055206017,0.027383239587429047,0.8045252458072267,False
30,2,Olivia Jade,0.07012987012987013,0.06311533084963707,0.0267235580625372,0.8340925222560294,False
30,2,JoJo Siwa,0.08051948051948052,0.06562820364197272,0.02556565207932682,0.8133848672759476,False
30,2,Christine Chiu,0.06233766233766234,0.06746993194288116,0.027511421941248247,0.8118144181420478,False
30,2,Kenya Moore,0.06233766233766234,0.07195886670706685,0.029605910032532316,0.7558453600816396,False
30,2,Amanda Kloots,0.08311688311688312,0.07126854171570851,0.030665047271785945,0.8203486120705188,False
30,3,Brian Austin Green,0.06375838926174497,0.0837205953979871,0.02655513035948283,0.8113374162426399,False
30,3,Melora Hardin,0.07718120805369127,0.06520343808691169,0.027569449314245844,0.817257554733895,False
30,3,Matt James,0.06711409395973154,0.07160347337872139,0.025700363506400606,0.7926605248659192,False
30,3,"Mike ""The Miz"" Mizanin",0.0738255033557047,0.0674399398058658,0.02808217924540406,0.8028318831308041,False
30,3,Suni Lee,0.07046979865771812,0.06939661874170848,0.033991267004358804,0.5753921153157238,False
30,3,Iman Shumpert,0.06375838926174497,0.08647019687982747,0.02621062500274583,0.7976926301990649,False
30,3,Cody Rigsby,0.06040268456375839,0.09063885220093548,0.023443224740812646,0.8629401028292215,False
30,3,Melanie C,0.0738255033557047,0.0701591181832822,0.03008763636346329,0.8585886058368191,False
30,3,Jimmie Allen,0.06711409395973154,0.08352337974455323,0.026945823067819286,0.8255500717304118,False
30,3,Olivia Jade,0.08053691275167785,0.06255387880263996,0.024736931859319314,0.8079326289948041,False
30,3,JoJo Siwa,0.08053691275167785,0.0699256207199179,0.030365982433741136,0.8352289724146984,False
30,3,Christine Chiu,0.07046979865771812,0.035972693750484695,0.0086357002342418,0.945771577012042,True
30,3,Kenya Moore,0.07046979865771812,0.0718364839867932,0.026428430100378805,0.8203097167326712,False
30,3,Amanda Kloots,0.08053691275167785,0.07155571032037147,0.03017989464514447,0.8311513433018665,False
30,4,Brian Austin Green,0.06235011990407674,0.057246149090065,0.016654592336564526,0.8813265303096574,True
30,4,Melora Hardin,0.08752997601918465,0.08166595192208087,0.03495294087228938,0.7456764179974805,False
30,4,Matt James,0.0683453237410072,0.05101439033318657,0.012871859942195939,0.9234758152136208,True
30,4,"Mike ""The Miz"" Mizanin",0.07793764988009592,0.07883834730791492,0.034225688273662784,0.6689722089486296,False
30,4,Suni Lee,0.0815347721822542,0.08044647504137563,0.03254494622164232,0.8084692392988543,False
30,4,Iman Shumpert,0.07553956834532374,0.08321739317107027,0.03142150227271657,0.8141545444090103,False
30,4,Cody Rigsby,0.06954436450839328,0.088845036744335,0.03210492393875548,0.8123005632241896,False
30,4,Melanie C,0.07913669064748201,0.07596594406117857,0.03067911592779383,0.80605144171379,False
30,4,Jimmie Allen,0.07793764988009592,0.0791676084062725,0.03254538606880431,0.6764796571648093,False
30,4,Olivia Jade,0.08393285371702638,0.07912182116084587,0.03615587933213727,0.7524370999659529,False
30,4,JoJo Siwa,0.08393285371702638,0.07769044880097697,0.030570893003868265,0.79734078394861,False
30,4,Kenya Moore,0.07074340527577938,0.08707550355574593,0.028950894859901887,0.8226855153634236,False
30,4,Amanda Kloots,0.0815347721822542,0.07970493040495107,0.03255368841023233,0.778098882533175,False
30,5,Melora Hardin,0.09350649350649351,0.08042012265048923,0.0242032693144039,0.8531611825599574,False
30,5,"Mike ""The Miz"" Mizanin",0.08311688311688312,0.11101045306336232,0.0374314256441311,0.7670882854395671,False
30,5,Suni Lee,0.09350649350649351,0.07879698227531994,0.026633288904955938,0.8507608284261021,False
30,5,Iman Shumpert,0.07272727272727272,0.1220790644672676,0.030722177658788388,0.8273442612214681,False
30,5,Cody Rigsby,0.08311688311688312,0.10771899127176138,0.0279969146182547,0.8394951277500168,False
30,5,Melanie C,0.09350649350649351,0.046379003149170685,0.011167191475471492,0.9408862870027696,True
30,5,Jimmie Allen,0.08831168831168831,0.110591131192028,0.039814277843110174,0.7453738400259176,False
30,5,Olivia Jade,0.09350649350649351,0.07946595507662882,0.029141709516764883,0.7948618617718562,False
30,5,JoJo Siwa,0.1038961038961039,0.08310438859571946,0.03217649793858906,0.8086374372453837,False
30,5,Kenya Moore,0.09350649350649351,0.09514799337845434,0.037136273906865205,0.8076812476327828,False
30,5,Amanda Kloots,0.1012987012987013,0.08528591487979792,0.03480253071740682,0.8530696627856464,False
30,6,Melora Hardin,0.09340659340659341,0.11010079618727145,0.04066994884845237,0.6832146092883251,False
30,6,"Mike ""The Miz"" Mizanin",0.09340659340659341,0.11395203582593198,0.038941990280538206,0.7413352643165914,False
30,6,Suni Lee,0.0989010989010989,0.0995457550530249,0.039130747541819624,0.6974134124695621,False
30,6,Iman Shumpert,0.10989010989010989,0.0971967979359077,0.03815506980402631,0.717714124742368,False
30,6,Cody Rigsby,0.0989010989010989,0.10264323542591716,0.040825025498200364,0.7298163004992533,False
30,6,Jimmie Allen,0.1043956043956044,0.10028720519980394,0.03891556022139446,0.7573809497570143,False
30,6,Olivia Jade,0.0989010989010989,0.1022801956892256,0.03894540573858415,0.7087110396838084,False
30,6,JoJo Siwa,0.10989010989010989,0.10420161741538037,0.039528716104808174,0.7638959915143633,False
30,6,Kenya Moore,0.08791208791208792,0.06923962232272714,0.018456889422377727,0.8938136823387405,True
30,6,Amanda Kloots,0.1043956043956044,0.10055273894480946,0.03957264118498399,0.7445678037932046,False
30,7,Melora Hardin,0.1162079510703364,0.11134794772612777,0.043529995550512346,0.7323136757387333,False
30,7,"Mike ""The Miz"" Mizanin",0.09785932721712538,0.07584442497500836,0.020515652440266586,0.8855762205342963,True
30,7,Suni Lee,0.10397553516819572,0.11385079508817343,0.04336813332268828,0.6701960106466089,False
30,7,Iman Shumpert,0.10397553516819572,0.11928344596218506,0.04165291551066258,0.7502685447534012,False
30,7,Cody Rigsby,0.11009174311926606,0.11551146149304621,0.04568445897915939,0.6591453184562295,False
30,7,Jimmie Allen,0.1162079510703364,0.11274259338633695,0.04314266262155833,0.6949719039568937,False
30,7,Olivia Jade,0.12844036697247707,0.11083144955113378,0.04178115347650408,0.7550469641998159,False
30,7,JoJo Siwa,0.11926605504587157,0.1171292115454923,0.04756148061527825,0.6639384256315854,False
30,7,Amanda Kloots,0.10397553516819572,0.12345867027249621,0.0440157113222988,0.6713499099503363,False
30,8,Melora Hardin,0.13636363636363635,0.12176157840840054,0.05005989711189077,0.700829565395235,False
30,8,Suni Lee,0.13636363636363635,0.12681615963207915,0.048408320538878426,0.6598205724340103,False
30,8,Iman Shumpert,0.11363636363636363,0.1549514506558159,0.04805156631432065,0.7366626070405162,False
30,8,Cody Rigsby,0.12337662337662338,0.14809233772299646,0.05299990871351533,0.6655205420425001,False
30,8,Jimmie Allen,0.1038961038961039,0.09566521599075611,0.02907520453602571,0.7638729680401823,True
30,8,Olivia Jade,0.11688311688311688,0.08632979047857332,0.023086063761459205,0.8631747968482176,True
30,8,JoJo Siwa,0.1331168831168831,0.1324344650513812,0.049595945225591076,0.6896523461602828,False
30,8,Amanda Kloots,0.13636363636363635,0.13394900205999655,0.050829609250606735,0.6878891020564333,False
30,9,Melora Hardin,0.1592920353982301,0.14176944714224188,0.038736225745129804,0.7421340473623356,True
30,9,Suni Lee,0.16592920353982302,0.10985676696338367,0.028517781422137258,0.8596962370680151,True
30,9,Iman Shumpert,0.16592920353982302,0.19350504885840045,0.0501108735610159,0.6888005479147448,False
30,9,Cody Rigsby,0.1570796460176991,0.23019752503519675,0.048566913133078496,0.6924489637013932,False
30,9,JoJo Siwa,0.17699115044247787,0.161900264337825,0.05911886094155115,0.6517114018774296,False
30,9,Amanda Kloots,0.1747787610619469,0.16277094766295272,0.057574481102421506,0.6217383781315787,False
30,10,Iman Shumpert,0.25477707006369427,0.256001140034248,0.08970275574896246,0.5055082214284501,False
30,10,Cody Rigsby,0.24203821656050956,0.2436652198925997,0.08791418160758148,0.5048957573627547,False
30,10,JoJo Siwa,0.25477707006369427,0.24602467218471735,0.08374919657019583,0.42280007761005234,False
30,10,Amanda Kloots,0.2484076433121019,0.25430896788843427,0.0848948690713653,0.5349837314635928,False
31,1,Jason Lewis,0.04712041884816754,0.03779622111202943,0.008723171289682254,0.9520068833488576,True
31,1,Cheryl Ladd,0.0549738219895288,0.06341298755650233,0.025826409226782563,0.8323761667447631,False
31,1,Selma Blair,0.07329842931937172,0.06552311909336175,0.027541962865876936,0.8003156683256486,False
31,1,Joseph Baena,0.060209424083769635,0.06137133192082743,0.029428683897227265,0.7792740541770778,False
31,1,Trevor Donovan,0.0549738219895288,0.06355124235898232,0.025519435696406065,0.823325016193818,False
31,1,Daniel Durant,0.07068062827225131,0.06415589708966958,0.025136094582705316,0.8440742783488697,False
31,1,Wayne Brady,0.07591623036649214,0.06313256040829165,0.02679655109971786,0.8006222346733617,False
31,1,Sam Champion,0.05235602094240838,0.06435950695984294,0.026036437250853996,0.7746025026258414,False
31,1,Jessie James Decker,0.05235602094240838,0.06494780729438653,0.023946655718978464,0.8422824179477806,False
31,1,Jordin Sparks,0.06806282722513089,0.0616500594251739,0.02429884763507162,0.8450461965963014,False
31,1,Heidi D'Amelio,0.06282722513089005,0.06374008176988961,0.02622047116016018,0.8321940459654575,False
31,1,Charli D'Amelio,0.08376963350785341,0.06549278082050934,0.027481171123171114,0.8174277513115382,False
31,1,Teresa Giudice,0.05235602094240838,0.06781512136757435,0.025329785031222966,0.7811914456906665,False
31,1,Vinny Guadagnino,0.04450261780104712,0.06884000893475875,0.024249947613398805,0.8571364814651969,False
31,1,Shangela,0.07329842931937172,0.06137931259227912,0.026033745360379213,0.7884106470775376,False
31,1,Gabby Windey,0.07329842931937172,0.06283196129592092,0.02743134607489355,0.7766833762913931,False
31,2,Cheryl Ladd,0.050970873786407765,0.0765105187136102,0.030010037945811772,0.7892062093599411,False
31,2,Selma Blair,0.06796116504854369,0.06713527748076151,0.026514250389782314,0.8215223866692506,False
31,2,Joseph Baena,0.05825242718446602,0.0718803149183189,0.02618176987471464,0.8183041596286136,False
31,2,Trevor Donovan,0.07281553398058252,0.07038300378905456,0.028316442338290865,0.7859650504967262,False
31,2,Daniel Durant,0.0703883495145631,0.06866653093383851,0.02985456223409789,0.8001472597377486,False
31,2,Wayne Brady,0.07766990291262135,0.07092021614873749,0.029717937127599525,0.7870893500616714,False
31,2,Sam Champion,0.06310679611650485,0.065717086536205,0.02510763386419617,0.8387151799751634,False
31,2,Jessie James Decker,0.06067961165048544,0.06900669196381366,0.025808931272846152,0.8381456669817927,False
31,2,Jordin Sparks,0.06553398058252427,0.0701480216917082,0.028579591749257987,0.8084208798691875,False
31,2,Heidi D'Amelio,0.06796116504854369,0.06475758107190135,0.02604588601155693,0.8364178519864146,False
31,2,Charli D'Amelio,0.07766990291262135,0.06575752591543066,0.026772830884125465,0.8304016989656509,False
31,2,Teresa Giudice,0.055825242718446605,0.040950328180939966,0.009733854255345438,0.9364826407908696,True
31,2,Vinny Guadagnino,0.06553398058252427,0.06855617047494163,0.029059147788038853,0.820009567575021,False
31,2,Shangela,0.06796116504854369,0.06591359538218887,0.027627055305932527,0.8261423627298251,False
31,2,Gabby Windey,0.07766990291262135,0.06369713679854881,0.02625349763072905,0.8278751322915247,False
31,3,Cheryl Ladd,0.05955334987593052,0.045064547917135864,0.011310118551932308,0.9339808502749811,True
31,3,Selma Blair,0.06947890818858561,0.07193761788691386,0.02922651052125252,0.7881553538371697,False
31,3,Joseph Baena,0.07196029776674938,0.0690794550343808,0.028971186963378016,0.7732353615294845,False
31,3,Trevor Donovan,0.06699751861042183,0.0746853572779895,0.027703319999729244,0.8025140691113949,False
31,3,Daniel Durant,0.07692307692307693,0.07267531753632324,0.027887728762040334,0.8181044812791685,False
31,3,Wayne Brady,0.08188585607940446,0.07571304945121164,0.03410599442857208,0.7779317043181738,False
31,3,Sam Champion,0.062034739454094295,0.07878442575555913,0.028662115521766424,0.8245739761170144,False
31,3,Jessie James Decker,0.06451612903225806,0.07649193892608112,0.02955547438160593,0.8307620106932502,False
31,3,Jordin Sparks,0.07196029776674938,0.0730553420985836,0.03305453678345952,0.7490507668545499,False
31,3,Heidi D'Amelio,0.0794044665012407,0.07370867171879482,0.029919669533124273,0.8079568125637514,False
31,3,Charli D'Amelio,0.08188585607940446,0.06960172445348221,0.02830509671140054,0.8168311781041657,False
31,3,Vinny Guadagnino,0.05707196029776675,0.07971391865200243,0.02685898631156683,0.7920943589312398,False
31,3,Shangela,0.07444168734491315,0.0689451207826205,0.02954851372510179,0.7567585214459889,False
31,3,Gabby Windey,0.08188585607940446,0.07054351250892107,0.027349947090940064,0.8431991868908012,False
31,4,Selma Blair,0.07804878048780488,0.07544626478733522,0.029473527876497395,0.8152740497971289,False
31,4,Joseph Baena,0.06829268292682927,0.08277869658944026,0.028676262986548694,0.7767601173218555,False
31,4,Trevor Donovan,0.06829268292682927,0.08672569395606072,0.029452247488690308,0.8145255344919518,False
31,4,Daniel Durant,0.07073170731707316,0.07839352437406039,0.030545724628666546,0.8128899137424974,False
31,4,Wayne Brady,0.08780487804878048,0.0771270727519578,0.034117204290451654,0.7788005420040544,False
31,4,Sam Champion,0.06097560975609756,0.05034278462867209,0.012574147129469823,0.9078982710555232,True
31,4,Jessie James Decker,0.07560975609756097,0.0765969868813135,0.03238342793915929,0.8021419223942055,False
31,4,Jordin Sparks,0.08292682926829269,0.07830611984526399,0.03211039388525594,0.7920911541217701,False
31,4,Heidi D'Amelio,0.08292682926829269,0.07534573718674978,0.03041487323258833,0.7563291569231607,False
31,4,Charli D'Amelio,0.08780487804878048,0.07760164349712444,0.03070236131353131,0.7568989059557298,False
31,4,Vinny Guadagnino,0.07073170731707316,0.0825137741349367,0.03247916972023676,0.7565586837577051,False
31,4,Shangela,0.07804878048780488,0.08068311387016126,0.03248783134046585,0.7984591180735319,False
31,4,Gabby Windey,0.08780487804878048,0.07813858749692398,0.03103921386763514,0.761709273468616,False
31,5,Selma Blair,0.08918617614269789,0.08168283762829665,0.031097154682474735,0.8020069747742878,False
31,5,Joseph Baena,0.07803790412486064,0.05127840439315122,0.012322219049308197,0.932641635109439,True
31,5,Trevor Donovan,0.0802675585284281,0.0823234349923027,0.02784924630769899,0.8150981194868709,False
31,5,Daniel Durant,0.07469342251950947,0.09269535891215959,0.029821399800019487,0.8092482935817417,False
31,5,Wayne Brady,0.09141583054626533,0.0879861600738647,0.030683755321522007,0.7616849651341415,False
31,5,Jessie James Decker,0.0802675585284281,0.08435353821599201,0.0322098870288053,0.7407912319837644,False
31,5,Jordin Sparks,0.07915273132664437,0.09107711829276229,0.03277714414248882,0.7092353099626312,False
31,5,Heidi D'Amelio,0.08695652173913043,0.08020684908750841,0.03303430341059178,0.7879375228618418,False
31,5,Charli D'Amelio,0.09364548494983277,0.08535505815022755,0.03423445781533741,0.7854295775925287,False
31,5,Vinny Guadagnino,0.06911928651059086,0.0952766078597963,0.027931721665177996,0.8307250906753514,False
31,5,Shangela,0.0858416945373467,0.08427262198952157,0.03194157970798045,0.7756592451479469,False
31,5,Gabby Windey,0.09141583054626533,0.08349201040441648,0.03348666232332584,0.7485777482714417,False
31,6,Trevor Donovan,0.09855072463768116,0.10682016152032943,0.0413844597720924,0.7328615852077818,False
31,6,Daniel Durant,0.09855072463768116,0.10774016747424106,0.040903905950817436,0.7362372989714898,False
31,6,Wayne Brady,0.09855072463768116,0.10517443873091721,0.03942357863089435,0.650086083389839,False
31,6,Jessie James Decker,0.0927536231884058,0.06721743051893649,0.016377584163595273,0.8921361442389945,True
31,6,Jordin Sparks,0.09855072463768116,0.10680417638851983,0.039241339631295634,0.6848427680072395,False
31,6,Heidi D'Amelio,0.10434782608695652,0.09225925012018411,0.03597978661967414,0.7756040891805608,False
31,6,Charli D'Amelio,0.11594202898550725,0.09893901193328233,0.046091234714692356,0.6953824668061811,False
31,6,Vinny Guadagnino,0.08115942028985507,0.1176480236032062,0.03853202040212255,0.7503211955384825,False
31,6,Shangela,0.10434782608695652,0.09589029721236356,0.03641888042928118,0.7345585960398722,False
31,6,Gabby Windey,0.1072463768115942,0.10150704249801984,0.04052360654653989,0.7581407211293182,False
31,7,Trevor Donovan,0.11981566820276497,0.11649274607338642,0.0468590183647609,0.730345101729104,False
31,7,Daniel Durant,0.11213517665130568,0.10941950966007644,0.04210175275246128,0.7007975440347283,False
31,7,Wayne Brady,0.11674347158218126,0.11263456475673411,0.04399042154082753,0.7479661528989572,False
31,7,Jordin Sparks,0.10599078341013825,0.07273798181752494,0.01875365014310049,0.8903244787995981,True
31,7,Heidi D'Amelio,0.10752688172043011,0.12319863057107074,0.045145326791515505,0.7206922674214218,False
31,7,Charli D'Amelio,0.11981566820276497,0.10698401653443587,0.040607434506656756,0.7142760181931187,False
31,7,Vinny Guadagnino,0.0967741935483871,0.12661191294356727,0.03964339759312356,0.6828439344350098,False
31,7,Shangela,0.11213517665130568,0.11482898160109443,0.04889697625967592,0.6473216386191407,False
31,7,Gabby Windey,0.10906298003072197,0.11709165604210986,0.04299259435120605,0.701811688448816,False
31,8,Trevor Donovan,0.12420382165605096,0.14307721760949427,0.051663593053662867,0.6237022313323555,False
31,8,Daniel Durant,0.12420382165605096,0.1467495417953609,0.04529723352592567,0.687002935706367,False
31,8,Wayne Brady,0.14331210191082802,0.1148379925030922,0.045022273085751775,0.7609709690166903,False
31,8,Heidi D'Amelio,0.11146496815286625,0.09153709531734627,0.0238854156452995,0.8534135712895228,True
31,8,Charli D'Amelio,0.14331210191082802,0.13521405689861343,0.051928787851995645,0.6550118750961199,False
31,8,Vinny Guadagnino,0.09235668789808917,0.10182819721914321,0.03328259206536798,0.7911775682247477,True
31,8,Shangela,0.1337579617834395,0.13560286992522483,0.05520532054646034,0.618493436198356,False
31,8,Gabby Windey,0.12738853503184713,0.13115302873172519,0.0509053487184753,0.6984474225690532,False
31,9,Trevor Donovan,0.14772727272727273,0.14599728119403108,0.05028741010504613,0.6544535578516876,True
31,9,Daniel Durant,0.15681818181818183,0.1274692641445202,0.036708171165324474,0.7746887503169222,True
31,9,Wayne Brady,0.16590909090909092,0.18835970935813273,0.06294326428274155,0.6389505582184668,False
31,9,Charli D'Amelio,0.18181818181818182,0.17107731358450937,0.06615086415116019,0.562261335906328,False
31,9,Shangela,0.16590909090909092,0.19503840121829116,0.060039841175650935,0.6216740804431677,False
31,9,Gabby Windey,0.18181818181818182,0.1720580305005153,0.06248813701481481,0.6380935157884297,False
31,10,Wayne Brady,0.24358974358974358,0.250634439293523,0.08591510176135965,0.4345969931357937,False
31,10,Charli D'Amelio,0.2564102564102564,0.2533736586532173,0.08400411438910618,0.41533685903339446,False
31,10,Shangela,0.24358974358974358,0.24954565236084458,0.0859874816825895,0.46475281293399584,False
31,10,Gabby Windey,0.2564102564102564,0.2464462496924151,0.08714520150923687,0.42369265194564254,False
32,1,Jamie Lynn Spears,0.06493506493506493,0.07341961901667701,0.029247957885354253,0.7656205056447247,False
32,1,Mira Sorvino,0.0735930735930736,0.07123236942207739,0.02663570377153976,0.8081351276210859,False
32,1,Barry Williams,0.06926406926406926,0.0698720955510926,0.026112334550606204,0.8185635082107691,False
32,1,Alyson Hannigan,0.05627705627705628,0.08051820688008943,0.029530645816104283,0.8171586470276506,False
32,1,Xochitl Gomez,0.07792207792207792,0.06822170895457992,0.027110003816139993,0.8421629538780798,False
32,1,Adrian Peterson,0.07792207792207792,0.07111132038489879,0.029530383482746853,0.8038231902217983,False
32,1,Matt Walsh,0.05194805194805195,0.04206409979144437,0.010184139498461057,0.9371690271043479,True
32,1,Tyson Beckford,0.05194805194805195,0.0780245420697758,0.02719366738691244,0.825760142059567,False
32,1,Jason Mraz,0.09090909090909091,0.07259849348138303,0.030834048068894455,0.8110083587224514,False
32,1,Lele Pons,0.08225108225108226,0.07130417660385963,0.028368657392633775,0.753213136394864,False
32,1,Harry Jowsey,0.05194805194805195,0.081133116481303,0.026082077371161007,0.8352859429618852,False
32,1,Mauricio Umansky,0.06493506493506493,0.07651663607956767,0.03273758845614731,0.6982780218178054,False
32,1,Charity Lawson,0.09523809523809523,0.07335960823471259,0.02875044073279358,0.8145183982180418,False
32,1,Ariana Madix,0.09090909090909091,0.07062400704853887,0.027988392367618783,0.7928123510030416,False
32,2,Jamie Lynn Spears,0.06722689075630252,0.04175661238393821,0.010276469092030026,0.9346731442465506,True
32,2,Mira Sorvino,0.07563025210084033,0.07605266621489061,0.03218134399022721,0.8139934537873821,False
32,2,Barry Williams,0.06302521008403361,0.08101056653390205,0.03574919866640336,0.6973539903968932,False
32,2,Alyson Hannigan,0.07983193277310924,0.08207260262880138,0.034620070093094556,0.7697434347957149,False
32,2,Xochitl Gomez,0.10084033613445378,0.075127603651342,0.03336693344038235,0.7642389809173732,False
32,2,Adrian Peterson,0.06302521008403361,0.0817818782613236,0.02856411240493322,0.7593832993265122,False
32,2,Tyson Beckford,0.07563025210084033,0.08034349578823208,0.03387648647643145,0.7878207074455545,False
32,2,Jason Mraz,0.10084033613445378,0.0751130349461019,0.03348623352448593,0.8112330380079298,False
32,2,Lele Pons,0.08823529411764706,0.07385265754002718,0.029058650202000456,0.8180026423884232,False
32,2,Harry Jowsey,0.06302521008403361,0.0849234619989637,0.027380068135042856,0.8016007555959311,False
32,2,Mauricio Umansky,0.05042016806722689,0.09270890745151635,0.02740860610770126,0.7881347771718635,False
32,2,Charity Lawson,0.08823529411764706,0.07640161499345528,0.029600578050174145,0.8199746583915499,False
32,2,Ariana Madix,0.08403361344537816,0.07885489760750566,0.034533991020555904,0.7723304120900338,False
32,3,Mira Sorvino,0.0804953560371517,0.07827121593187876,0.032155682175858305,0.8169475709494689,False
32,3,Barry Williams,0.07739938080495357,0.09029854659288204,0.03477585777647871,0.7885853268836843,False
32,3,Alyson Hannigan,0.07430340557275542,0.09009159749787576,0.035602173824428186,0.7945074578217641,False
32,3,Xochitl Gomez,0.09907120743034056,0.08345427800263186,0.036066745612033525,0.7602296485580978,False
32,3,Adrian Peterson,0.06811145510835913,0.0912796963495987,0.03189528744989564,0.7613822191976958,False
32,3,Tyson Beckford,0.06191950464396285,0.055437882376365925,0.013355840791085996,0.9217775248306355,True
32,3,Jason Mraz,0.10526315789473684,0.08597620304241006,0.03422342137025808,0.7783825647536347,False
32,3,Lele Pons,0.08359133126934984,0.07901829868377379,0.030414276822683054,0.8197845406747843,False
32,3,Harry Jowsey,0.07430340557275542,0.09220943240761797,0.03402496380669009,0.7761337875752782,False
32,3,Mauricio Umansky,0.07120743034055728,0.08659821319787861,0.03056776983161112,0.7981044301023319,False
32,3,Charity Lawson,0.09907120743034056,0.08102938054679537,0.032152084024455775,0.7341570129306803,False
32,3,Ariana Madix,0.10526315789473684,0.08633525537029134,0.03544686626524523,0.7906177164301714,False
32,4,Mira Sorvino,0.0875,0.08372739138659811,0.03324222980847262,0.7665491321336889,False
32,4,Barry Williams,0.075,0.10278607637712295,0.028659477056156624,0.8303634324552343,False
32,4,Alyson Hannigan,0.075,0.10741069475921237,0.026614061756136884,0.8495508846598018,False
32,4,Xochitl Gomez,0.1125,0.09381685244102135,0.03923274841839654,0.7606074586895835,False
32,4,Adrian Peterson,0.0875,0.04961568028076193,0.011175150187537501,0.9292286077188469,True
32,4,Jason Mraz,0.1,0.09293399508253919,0.032271761525506516,0.7891132654562593,False
32,4,Lele Pons,0.09166666666666666,0.08832301400607151,0.03751624867801421,0.7686376474401486,False
32,4,Harry Jowsey,0.0875,0.10161921695955284,0.04242701525484851,0.7166847678964771,False
32,4,Mauricio Umansky,0.07916666666666666,0.09891352844705614,0.033818692531987424,0.7430144856970013,False
32,4,Charity Lawson,0.1,0.08888746127408666,0.03548232050702735,0.8169106214784256,False
32,4,Ariana Madix,0.10416666666666667,0.09196608898597579,0.039707568084194955,0.6868717566809579,False
32,5,Mira Sorvino,0.09166666666666666,0.06273389335288763,0.014824197277757025,0.9081917453256013,True
32,5,Barry Williams,0.1,0.10116281243111881,0.04289469290116229,0.723330782925628,False
32,5,Alyson Hannigan,0.0875,0.1213286176889063,0.04474106452022483,0.73312734691964,False
32,5,Xochitl Gomez,0.11666666666666667,0.10084028882679859,0.0379389106603239,0.8008959397970028,False
32,5,Jason Mraz,0.1125,0.10228590632563853,0.040571064831414864,0.734082760825628,False
32,5,Lele Pons,0.1,0.09431776695747192,0.036064053944267774,0.7701786264869913,False
32,5,Harry Jowsey,0.075,0.11721323441934305,0.036606062501900294,0.7540056460898336,False
32,5,Mauricio Umansky,0.1,0.09996871981306536,0.03713478659502177,0.7067929191847482,False
32,5,Charity Lawson,0.11666666666666667,0.09984298405815026,0.045104013026922726,0.6276821854851056,False
32,5,Ariana Madix,0.1,0.1003057761266196,0.035604080557462565,0.7788932772692392,False
32,6,Barry Williams,0.09937888198757763,0.1171915365257463,0.03759194723305969,0.7796371989979564,False
32,6,Alyson Hannigan,0.09627329192546584,0.1218797091916958,0.03464019602042551,0.7365958910660961,False
32,6,Xochitl Gomez,0.13043478260869565,0.0998633938883192,0.03726425606575039,0.7913882683250639,False
32,6,Jason Mraz,0.12111801242236025,0.11280713872169441,0.04584275887524342,0.7145295807954178,False
32,6,Lele Pons,0.11490683229813664,0.11963247687253711,0.04416147018332589,0.7605867276935747,False
32,6,Harry Jowsey,0.09006211180124224,0.14096150975709856,0.04307275916315478,0.7143589700906976,False
32,6,Mauricio Umansky,0.10248447204968944,0.06603692530441241,0.014996073328385442,0.9200318728053595,True
32,6,Charity Lawson,0.11801242236024845,0.11369469236484125,0.05100941302590992,0.5575149076035897,False
32,6,Ariana Madix,0.12732919254658384,0.10793261737365559,0.04431453056506337,0.7282634159465147,False
32,7,Barry Williams,0.11524822695035461,0.16010258482976825,0.04660084041740285,0.7609334905898961,False
32,7,Alyson Hannigan,0.12411347517730496,0.1433139077981963,0.047892385797444814,0.6980315702356028,False
32,7,Xochitl Gomez,0.13120567375886524,0.10713263005309934,0.038606609912505384,0.7367895013812242,False
32,7,Jason Mraz,0.1276595744680851,0.10645236528564934,0.03791889223207859,0.759338380278042,False
32,7,Lele Pons,0.12943262411347517,0.06606596428706901,0.014259768429545046,0.9072796412633932,True
32,7,Harry Jowsey,0.11347517730496454,0.17492177722939165,0.049607949252691984,0.604150865454942,False
32,7,Charity Lawson,0.1276595744680851,0.12894633764017802,0.03779328115876466,0.7701375428726706,False
32,7,Ariana Madix,0.13120567375886524,0.1130644328766496,0.047420452143692844,0.7178639502214486,False
32,8,Barry Williams,0.1383399209486166,0.09071058852435222,0.023062160521658527,0.8818810497682953,True
32,8,Alyson Hannigan,0.1422924901185771,0.14560567516250514,0.05811100575137044,0.6501454584459605,False
32,8,Xochitl Gomez,0.15810276679841898,0.14736667042853085,0.060729887528674226,0.6226048450596,False
32,8,Jason Mraz,0.13043478260869565,0.16374549456759754,0.05063420264297417,0.6963438473076731,False
32,8,Harry Jowsey,0.11067193675889328,0.17296124292394263,0.04879088211272182,0.6989601937368453,False
32,8,Charity Lawson,0.1541501976284585,0.13796309945163104,0.05592122877643438,0.6227997513132218,False
32,8,Ariana Madix,0.16600790513833993,0.14164722894144036,0.055022765951886335,0.6300355322807396,False
32,9,Alyson Hannigan,0.14479638009049775,0.19222931475629143,0.06141531078880157,0.632772488704223,False
32,9,Xochitl Gomez,0.18552036199095023,0.16094861229259877,0.06412428514093599,0.6283386442716463,False
32,9,Jason Mraz,0.19457013574660634,0.17125134179325874,0.061280092219298844,0.6436941957198783,False
32,9,Harry Jowsey,0.13574660633484162,0.1296412731361953,0.03708478255873894,0.7384659484278228,True
32,9,Charity Lawson,0.17194570135746606,0.17230732657888162,0.06063368563595618,0.6058048911893736,False
32,9,Ariana Madix,0.167420814479638,0.17362213144277486,0.060916126504287745,0.6194184807765994,False
32,10,Alyson Hannigan,0.17894736842105263,0.19671267859825287,0.0701373937473129,0.5624123899630966,False
32,10,Xochitl Gomez,0.21052631578947367,0.20449067598538875,0.07406605128440495,0.5134904356295656,False
32,10,Jason Mraz,0.2,0.19650989814025843,0.06969410142940594,0.5092395902716195,False
32,10,Charity Lawson,0.20701754385964913,0.196585307631107,0.07175296555587701,0.5499869001659048,False
32,10,Ariana Madix,0.20350877192982456,0.2057014396449929,0.07688939139838563,0.543564346787258,False
32,11,Alyson Hannigan,0.18213058419243985,0.20379512143952005,0.07482444214371782,0.5328747921904258,False
32,11,Xochitl Gomez,0.20618556701030927,0.2007188020703124,0.07206082121080647,0.4704699095238043,False
32,11,Jason Mraz,0.20618556701030927,0.19760250647758534,0.07006312226377141,0.5722891826832419,False
32,11,Charity Lawson,0.2027491408934708,0.19807739483829523,0.07350515466227109,0.5456497198568717,False
32,11,Ariana Madix,0.2027491408934708,0.199806175174287,0.07591222848461344,0.5669034130574533,False
33,1,Tori Spelling,0.06882591093117409,0.07655252571577426,0.03359019656116458,0.7578766665272783,False
33,1,Eric Roberts,0.06072874493927125,0.07491771401460029,0.029450682667654805,0.8177018207944637,False
33,1,Reginald VelJohnson,0.06477732793522267,0.07923719348289901,0.03112091330268975,0.7944457481643863,False
33,1,Chandler Kinney,0.0931174089068826,0.07590590617804496,0.033360752247358766,0.7620866431518811,False
33,1,Dwight Howard ,0.08906882591093117,0.07477404252859864,0.02942969299727222,0.8080808961672545,False
33,1,Danny Amendola,0.08097165991902834,0.07548567398024605,0.02991167950860237,0.7890686940463919,False
33,1,Stephen Nedoroscik,0.08502024291497975,0.07403449982571408,0.03048903746245761,0.7785862069873299,False
33,1,Ilona Maher,0.0728744939271255,0.07928556325208894,0.03326780992286389,0.7930548193780592,False
33,1,Anna Delvey,0.0728744939271255,0.08089772474707098,0.03328167056241828,0.7737837197432422,False
33,1,Brooks Nader,0.0728744939271255,0.07471273595593445,0.030755552214444752,0.783353663828452,False
33,1,Phaedra Parks,0.07692307692307693,0.07640779492713275,0.030557752836371476,0.7906151467096831,False
33,1,Jenn Tran,0.07692307692307693,0.07976308111082366,0.03191045270715273,0.7733270930792444,False
33,1,Joey Graziadei,0.08502024291497975,0.07802554428107204,0.03219795439628166,0.769240747875248,False
33,2,Tori Spelling,0.07364341085271318,0.04494336041443873,0.010867672130986331,0.9295698898724266,True
33,2,Eric Roberts,0.05813953488372093,0.09112607350081173,0.027614820102450553,0.82928999516174,False
33,2,Reginald VelJohnson,0.05813953488372093,0.10065591487842059,0.02781788851049435,0.8309747052419105,False
33,2,Chandler Kinney,0.09302325581395349,0.08044072264015324,0.03166649348535854,0.8140432067655523,False
33,2,Dwight Howard ,0.08527131782945736,0.07589477980941074,0.029856720422478,0.8071834565472424,False
33,2,Danny Amendola,0.08139534883720931,0.08327246386256205,0.03232970298642393,0.8180621017091573,False
33,2,Stephen Nedoroscik,0.08527131782945736,0.08052959857558072,0.0356847735099089,0.7319061130185306,False
33,2,Ilona Maher,0.08139534883720931,0.07697017909182453,0.029598650599767854,0.8061117953006014,False
33,2,Anna Delvey,0.06589147286821706,0.050605404187401413,0.012321705308842017,0.9358231374564671,True
33,2,Brooks Nader,0.07751937984496124,0.08138993039530057,0.030756083338626172,0.8050882778212445,False
33,2,Phaedra Parks,0.08139534883720931,0.07712726681565593,0.03115012244496204,0.7796674894543136,False
33,2,Jenn Tran,0.07364341085271318,0.08437844832333624,0.02820336178441721,0.8008536778650264,False
33,2,Joey Graziadei,0.08527131782945736,0.072665857505103,0.031632001499451876,0.824813310606505,False
33,3,Eric Roberts,0.07232704402515723,0.06287873367088923,0.016348721482329746,0.8785093138651705,True
33,3,Reginald VelJohnson,0.0660377358490566,0.06788520586090845,0.018862103812676872,0.9054078861607701,True
33,3,Chandler Kinney,0.10849056603773585,0.09438397995448912,0.03895612916641328,0.6990701642242918,False
33,3,Dwight Howard ,0.08176100628930817,0.10488823970736544,0.03197657372236385,0.7871675573452012,False
33,3,Danny Amendola,0.09433962264150944,0.09642093231229594,0.039272718489787514,0.7452173046376942,False
33,3,Stephen Nedoroscik,0.09748427672955975,0.08995671098070389,0.03673734243217254,0.7731990701942705,False
33,3,Ilona Maher,0.0880503144654088,0.10043787844720024,0.03841760695517537,0.7879680063239272,False
33,3,Brooks Nader,0.0959119496855346,0.09091838457877907,0.0358650119259317,0.7108309816215627,False
33,3,Phaedra Parks,0.0880503144654088,0.1038123933612421,0.03595403427682363,0.7692055531196818,False
33,3,Jenn Tran,0.09748427672955975,0.09825757807277924,0.039049002040799814,0.7725429462847948,False
33,3,Joey Graziadei,0.11006289308176101,0.09015996305334743,0.038140831754234536,0.7039297157760388,False
33,4,Chandler Kinney,0.10884353741496598,0.11417920469418483,0.042777175732646534,0.7052474324720543,False
33,4,Dwight Howard ,0.09863945578231292,0.1387930783580402,0.04094761728783875,0.7422773964195617,False
33,4,Danny Amendola,0.12244897959183673,0.10895611709848528,0.041141111134584595,0.7075942255142492,False
33,4,Stephen Nedoroscik,0.11224489795918367,0.11032528506400188,0.03978566156954813,0.7151825149967916,False
33,4,Ilona Maher,0.10884353741496598,0.1021875006569718,0.034439282155565715,0.7998612692360428,False
33,4,Brooks Nader,0.10884353741496598,0.06553427397535753,0.015776940574552607,0.9079862889592912,True
33,4,Phaedra Parks,0.10884353741496598,0.11531877120251631,0.038695826283124665,0.752791503542617,False
33,4,Jenn Tran,0.10884353741496598,0.13242773079488007,0.04419384898727453,0.6604929458611737,False
33,4,Joey Graziadei,0.12244897959183673,0.11227803815556169,0.04197059503796765,0.6902467141989337,False
33,5,Chandler Kinney,0.13366336633663367,0.12243826372241685,0.05140107620692412,0.712378071088738,False
33,5,Dwight Howard ,0.1188118811881188,0.13423299141830572,0.05043520263393316,0.6509413303174854,False
33,5,Danny Amendola,0.12623762376237624,0.12882926044441362,0.04774979423336666,0.7306325463360344,False
33,5,Stephen Nedoroscik,0.1188118811881188,0.1462872283270776,0.053940183923966184,0.6416593370926631,False
33,5,Ilona Maher,0.12871287128712872,0.13120510924076814,0.04800511270164444,0.7465797791030776,False
33,5,Phaedra Parks,0.1188118811881188,0.0942895789601986,0.026105058816435746,0.8517789076030599,True
33,5,Jenn Tran,0.12623762376237624,0.12422605312066266,0.05102483322257703,0.610868742177096,False
33,5,Joey Graziadei,0.12871287128712872,0.11849151476615648,0.04708424271037266,0.7140036855191505,False
33,6,Chandler Kinney,0.1553398058252427,0.12336477975076676,0.046373108975409166,0.7609135700155836,False
33,6,Dwight Howard ,0.15048543689320387,0.14291903841054712,0.05997041179099791,0.5742898790956188,False
33,6,Danny Amendola,0.13592233009708737,0.1418220866052147,0.044213627173686626,0.7268756254688423,False
33,6,Stephen Nedoroscik,0.13592233009708737,0.16749618814166697,0.05191758546080485,0.615003739991152,False
33,6,Ilona Maher,0.11650485436893204,0.194647873003143,0.05285704119064772,0.6746560599164979,False
33,6,Jenn Tran,0.15048543689320387,0.08553205272726247,0.02018186827474989,0.8834373110735987,True
33,6,Joey Graziadei,0.1553398058252427,0.14421798136139868,0.054752796689600765,0.5878759667327006,False
33,7,Chandler Kinney,0.1875,0.16834043134461743,0.06555419254737399,0.6313925776365468,False
33,7,Dwight Howard ,0.15,0.13053733353522332,0.03760850488317686,0.7617082204062442,True
33,7,Danny Amendola,0.159375,0.18750519162970808,0.06590403089777933,0.4988142063638972,False
33,7,Stephen Nedoroscik,0.16875,0.1684248967921712,0.06266605660852333,0.5736509995799407,False
33,7,Ilona Maher,0.1625,0.17917458225629004,0.06347976694465218,0.5936680419682405,False
33,7,Joey Graziadei,0.171875,0.16601756444198973,0.06807865364189677,0.5287445795512623,False
33,8,Chandler Kinney,0.20714285714285716,0.2006836313225093,0.07337835459229608,0.5890028189218797,False
33,8,Danny Amendola,0.19285714285714287,0.18999814349441924,0.06841087544661982,0.59085988221461,False
33,8,Stephen Nedoroscik,0.18928571428571428,0.1963066810628046,0.07643657704319577,0.429584371698827,False
33,8,Ilona Maher,0.20357142857142857,0.21317309117441893,0.08074608372006002,0.5021409831565433,False
33,8,Joey Graziadei,0.20714285714285716,0.19983845294584787,0.07181125547591692,0.5543792652036981,False
33,9,Chandler Kinney,0.20618556701030927,0.2060038285543563,0.07161274389922885,0.5363978277345156,False
33,9,Danny Amendola,0.19243986254295534,0.199624911916185,0.07461787669262772,0.5423536909118222,False
33,9,Stephen Nedoroscik,0.2027491408934708,0.19907074455681145,0.07732195113164693,0.5577935040294466,False
33,9,Ilona Maher,0.1958762886597938,0.1979574059184407,0.07274951895505342,0.5911335078871292,False
33,9,Joey Graziadei,0.2027491408934708,0.19734310905420605,0.0696127484290709,0.5890375849424478,False
34,1,Corey Feldman,0.054878048780487805,0.06934547967279739,0.02906480642115299,0.8034756054609724,False
34,1,Danielle Fishel,0.07317073170731707,0.07484788321464209,0.03434626509960598,0.7365438626669978,False
34,1,Elaine Hendrix,0.07317073170731707,0.07030683442904376,0.02851247099312412,0.7787456391490101,False
34,1,Baron Davis,0.06097560975609756,0.06955799164673124,0.026900894952124065,0.8136313324119249,False
34,1,Jordan Chiles,0.06097560975609756,0.0722591889538875,0.029588141352321837,0.7865646306364842,False
34,1,Andy Richter,0.054878048780487805,0.07359145706464537,0.03030682839739024,0.7946385815011869,False
34,1,Robert Irwin,0.09146341463414634,0.07169892165744653,0.030504012021862932,0.7754648555947543,False
34,1,Hilaria Baldwin,0.08536585365853659,0.07203303291480437,0.030373760826091188,0.7818489764661439,False
34,1,Lauren Jauregui,0.07926829268292683,0.07059388991959643,0.029614296482453957,0.7986796822872353,False
34,1,Scott Hoying,0.06097560975609756,0.07243336896691893,0.028405611910507923,0.8339382179661616,False
34,1,Alix Earle,0.07926829268292683,0.06896128945696041,0.02843034946427183,0.7805831238186527,False
34,1,Jen Affleck,0.07317073170731707,0.07240410789132361,0.032342275958443856,0.7902299007069361,False
34,1,Whitney Leavitt,0.09146341463414634,0.07148918507253607,0.028174551644189447,0.7572124969023173,False
34,1,Dylan Efron,0.06097560975609756,0.07047736913866598,0.02913334181510524,0.8005386685679639,False
34,2,Corey Feldman,0.0539568345323741,0.050387860410711506,0.012375750157840803,0.9205074836505299,True
34,2,Danielle Fishel,0.0683453237410072,0.08225958851481074,0.03046493572062162,0.8139044970831963,False
34,2,Elaine Hendrix,0.07553956834532374,0.07273461220529816,0.0278786371027223,0.808022156937281,False
34,2,Baron Davis,0.06474820143884892,0.044609221816534976,0.011115870583767267,0.9400558508470042,True
34,2,Jordan Chiles,0.07913669064748201,0.07118117213038493,0.02604618541665616,0.7812438234093647,False
34,2,Andy Richter,0.05755395683453238,0.08314968030920035,0.022983306062245287,0.8201403689737636,False
34,2,Robert Irwin,0.07913669064748201,0.07395380294404752,0.027020752556281353,0.8144703040008068,False
34,2,Hilaria Baldwin,0.07553956834532374,0.0711787772167022,0.027429313106481886,0.8034252999742438,False
34,2,Lauren Jauregui,0.07553956834532374,0.07182377915021854,0.029509467489756795,0.7837467697286405,False
34,2,Scott Hoying,0.06474820143884892,0.08294756390314556,0.029415965061589038,0.7890959352166788,False
34,2,Alix Earle,0.07553956834532374,0.07542457717618102,0.03197954283944824,0.76004552690805,False
34,2,Jen Affleck,0.07913669064748201,0.07068057677455335,0.02708203676850352,0.840637079386295,False
34,2,Whitney Leavitt,0.07913669064748201,0.07433559700390176,0.030156224332726016,0.8003450683025433,False
34,2,Dylan Efron,0.07194244604316546,0.07533319044430942,0.03167830000012165,0.7835235130517375,False
34,3,Danielle Fishel,0.08171206225680934,0.08225446402230555,0.034341599360959714,0.7353332399831851,False
34,3,Elaine Hendrix,0.08171206225680934,0.08737664079745366,0.03667740953079992,0.7675499333019241,False
34,3,Jordan Chiles,0.0933852140077821,0.08306471168510969,0.033241712886105945,0.79556510356729,False
34,3,Andy Richter,0.07003891050583658,0.09081483307525416,0.030707323288230656,0.7911038394771893,False
34,3,Robert Irwin,0.08560311284046693,0.08474953149331611,0.03686146994746611,0.7509470300245809,False
34,3,Hilaria Baldwin,0.08560311284046693,0.08644140278974247,0.03440647154473503,0.7573432203353003,False
34,3,Lauren Jauregui,0.07003891050583658,0.0551319212499705,0.01400120596404478,0.9218334423786989,True
34,3,Scott Hoying,0.08560311284046693,0.08617659470554075,0.035253278524028174,0.7751501617808276,False
34,3,Alix Earle,0.08949416342412451,0.08193720234946499,0.03672324745515322,0.7294561009573128,False
34,3,Jen Affleck,0.07392996108949416,0.09112390836415775,0.032667400209324786,0.7597150214978117,False
34,3,Whitney Leavitt,0.0933852140077821,0.08776280808757772,0.03661139672005489,0.7400197348837516,False
34,3,Dylan Efron,0.08949416342412451,0.0831659813801068,0.03307069153951793,0.7683211882758333,False
34,4,Danielle Fishel,0.0846774193548387,0.10173840847571082,0.03165241288680002,0.8229997119826578,False
34,4,Elaine Hendrix,0.0967741935483871,0.08471971506932659,0.034372422677510554,0.7953462370158909,False
34,4,Jordan Chiles,0.0967741935483871,0.07951615025926222,0.03512894138620041,0.7597012726986422,False
34,4,Andy Richter,0.07258064516129033,0.12402856890419284,0.03854620283487907,0.7624994126599629,False
34,4,Robert Irwin,0.08870967741935484,0.09729047610915442,0.0322012748943393,0.7989015368931157,False
34,4,Hilaria Baldwin,0.09274193548387097,0.04486338455567079,0.010248550786480548,0.9426848030894011,True
34,4,Scott Hoying,0.0846774193548387,0.12386181252378643,0.03900498180234948,0.7192385785667308,False
34,4,Alix Earle,0.0967741935483871,0.08156165680653588,0.03616534288881731,0.7803867927387351,False
34,4,Jen Affleck,0.09274193548387097,0.08343754344500004,0.0371444303708599,0.8003422396667979,False
34,4,Whitney Leavitt,0.10080645161290322,0.08676095796486827,0.03896096385014767,0.7910642556145473,False
34,4,Dylan Efron,0.09274193548387097,0.09222132588648986,0.030003625005805532,0.8216024265180102,False
34,5,Danielle Fishel,0.0926517571884984,0.09939531371961827,0.040285359417116556,0.6941506613198912,False
34,5,Elaine Hendrix,0.09584664536741214,0.10141650062296748,0.03835007620156524,0.7443768585126791,False
34,5,Jordan Chiles,0.10223642172523961,0.0985286434610917,0.03802029051364139,0.7573612178741962,False
34,5,Andy Richter,0.07667731629392971,0.0975588679835334,0.03880871359196388,0.74545861986608,False
34,5,Robert Irwin,0.11182108626198083,0.10326610998957884,0.0388475861946021,0.7400838851578977,False
34,5,Scott Hoying,0.09584664536741214,0.09865025859565696,0.03958957641971811,0.7249502825032841,False
34,5,Alix Earle,0.11182108626198083,0.09952111779435059,0.04182023009039449,0.644722886499909,False
34,5,Jen Affleck,0.0926517571884984,0.10146021499305688,0.04065494292027888,0.7367359802744651,False
34,5,Whitney Leavitt,0.10543130990415335,0.10104891571931873,0.03696351624983851,0.7654464761138938,False
34,5,Dylan Efron,0.11501597444089456,0.09915405712082737,0.03731432598178008,0.7205427534934652,False
34,6,Danielle Fishel,0.10588235294117647,0.10475724605945903,0.04092483707997242,0.7602968818267783,False
34,6,Elaine Hendrix,0.10588235294117647,0.09677983980513717,0.038660636241333986,0.7659150970608091,False
34,6,Jordan Chiles,0.11470588235294117,0.10227101145151947,0.041205427863695326,0.660760476837666,False
34,6,Andy Richter,0.07941176470588235,0.113543527230241,0.03719778079699501,0.6921168490427486,False
34,6,Robert Irwin,0.10588235294117647,0.09979742933948807,0.03702861906533836,0.7753667570616721,False
34,6,Scott Hoying,0.08235294117647059,0.06574536482891068,0.016082975181568357,0.8935652295400729,True
34,6,Alix Earle,0.10294117647058823,0.10103387038515317,0.041380222430499075,0.7567530349830802,False
34,6,Jen Affleck,0.09411764705882353,0.10454037676910813,0.038578540572762166,0.7112597528455483,False
34,6,Whitney Leavitt,0.11470588235294117,0.10638985804832637,0.04135992469553838,0.762039839281928,False
34,6,Dylan Efron,0.09411764705882353,0.10514147608265674,0.0373239468366626,0.7641435156839258,False
34,7,Danielle Fishel,0.10542168674698796,0.11761948416314437,0.04254574100471165,0.704312197624757,False
34,7,Elaine Hendrix,0.0963855421686747,0.1201350924485702,0.041898705230762195,0.7102520824444987,False
34,7,Jordan Chiles,0.1144578313253012,0.1076665748567286,0.04261017429346052,0.7210713889216875,False
34,7,Andy Richter,0.08734939759036145,0.13081216051558547,0.036832568983528685,0.7563786092401541,False
34,7,Robert Irwin,0.12349397590361445,0.11163542860921037,0.04188352747810981,0.702978066614353,False
34,7,Alix Earle,0.12951807228915663,0.11435736034238414,0.04205845812222434,0.709261714583262,False
34,7,Jen Affleck,0.10240963855421686,0.07012436628051984,0.017046040810274738,0.9063483821454925,True
34,7,Whitney Leavitt,0.12650602409638553,0.11512943983933797,0.044565632084903786,0.6987936426586359,False
34,7,Dylan Efron,0.1144578313253012,0.11252009294451908,0.03947303148464806,0.6996029765771622,False
34,8,Danielle Fishel,0.12271973466003316,0.08484458331260418,0.022638911762095107,0.8787905103739398,True
34,8,Elaine Hendrix,0.12437810945273632,0.1371877628456913,0.05053974139557647,0.6327954063015797,False
34,8,Jordan Chiles,0.12935323383084577,0.1228066411762151,0.046056888573521484,0.7256029655940124,False
34,8,Andy Richter,0.11276948590381426,0.14134847853628066,0.046102210079053574,0.6340982305960361,False
34,8,Robert Irwin,0.12603648424543948,0.12704708024820233,0.04814914586322007,0.6533472525861131,False
34,8,Alix Earle,0.12769485903814262,0.1289296537022866,0.051556791751313585,0.6954019836769734,False
34,8,Whitney Leavitt,0.1310116086235489,0.12235734484395483,0.050038727129871265,0.7048654302077066,False
34,8,Dylan Efron,0.12603648424543948,0.13547845533476505,0.04918502021318327,0.7345236948407641,False
34,9,Elaine Hendrix,0.13333333333333333,0.16143213201535528,0.05511749856997591,0.6102648175018015,False
34,9,Jordan Chiles,0.14444444444444443,0.15311865744633618,0.0577864574695926,0.569056156872918,False
34,9,Andy Richter,0.10740740740740741,0.10825094628982003,0.027597901349015984,0.8171061742435967,True
34,9,Robert Irwin,0.15555555555555556,0.14039786002609916,0.05512433693708545,0.6804743987017019,False
34,9,Alix Earle,0.14814814814814814,0.1477477367047287,0.053606134713399034,0.6527974588928814,False
34,9,Whitney Leavitt,0.15555555555555556,0.14514483524268745,0.05208025221668468,0.6271214702693038,False
34,9,Dylan Efron,0.15555555555555556,0.14390783227497325,0.05645336970005966,0.5876655240597025,False
34,10,Elaine Hendrix,0.16569767441860464,0.1740175602657746,0.05761917151233103,0.6272614714950313,False
34,10,Jordan Chiles,0.16569767441860464,0.1928307401969328,0.052401643659004335,0.599176231802506,False
34,10,Robert Irwin,0.17151162790697674,0.161234349989458,0.06236228889128536,0.6689607168298509,False
34,10,Alix Earle,0.1686046511627907,0.15768870921507894,0.05222560009046704,0.6621043317225965,False
34,10,Whitney Leavitt,0.1686046511627907,0.10175624629193024,0.0262805383039828,0.8722048339361437,True
34,10,Dylan Efron,0.15988372093023256,0.2124723940408245,0.048989166225659526,0.6272867724393236,False
34,11,Elaine Hendrix,0.19638752808699622,0.1996476073563928,0.07578933184819503,0.5581996986342427,False
34,11,Jordan Chiles,0.20090311797825097,0.21128713296347018,0.07436480338459953,0.5019992917047442,False
34,11,Robert Irwin,0.20090311797825097,0.2032987633155725,0.0761713130985674,0.4508733218342287,False
34,11,Alix Earle,0.2031609129238783,0.20059108260461694,0.07615771826716405,0.5743002236403958,False
34,11,Dylan Efron,0.19864532303262358,0.1851754137599474,0.06799338009318252,0.5705088271734139,False
